#
# There is insufficient memory for the Java Runtime Environment to continue.
# Native memory allocation (mmap) failed to map 206569472 bytes. Error detail: G1 virtual space
# Possible reasons:
#   The system is out of physical RAM or swap space
#   This process is running with CompressedOops enabled, and the Java Heap may be blocking the growth of the native heap
# Possible solutions:
#   Reduce memory load on the system
#   Increase physical memory or swap space
#   Check if swap backing store is full
#   Decrease Java heap size (-Xmx/-Xms)
#   Decrease number of Java threads
#   Decrease Java thread stack sizes (-Xss)
#   Set larger code cache with -XX:ReservedCodeCacheSize=
#   JVM is running with Unscaled Compressed Oops mode in which the Java heap is
#     placed in the first 4GB address space. The Java Heap base address is the
#     maximum limit for the native heap growth. Please use -XX:HeapBaseMinAddress
#     to set the Java Heap base and to place the Java Heap above 4GB virtual address.
# This output file may be truncated or incomplete.
#
#  Out of Memory Error (os_windows.cpp:3710), pid=14632, tid=7980
#
# JRE version: OpenJDK Runtime Environment Microsoft-11369865 (17.0.15+6) (build 17.0.15+6-LTS)
# Java VM: OpenJDK 64-Bit Server VM Microsoft-11369865 (17.0.15+6-LTS, mixed mode, sharing, tiered, compressed oops, compressed class ptrs, g1 gc, windows-amd64)
# No core dump will be written. Minidumps are not enabled by default on client versions of Windows
#

---------------  S U M M A R Y ------------

Command Line: --add-opens=java.base/java.lang=ALL-UNNAMED --add-opens=java.base/java.lang.invoke=ALL-UNNAMED --add-opens=java.base/java.util=ALL-UNNAMED --add-opens=java.prefs/java.util.prefs=ALL-UNNAMED --add-exports=jdk.compiler/com.sun.tools.javac.api=ALL-UNNAMED --add-exports=jdk.compiler/com.sun.tools.javac.util=ALL-UNNAMED --add-opens=java.base/java.util=ALL-UNNAMED --add-opens=java.prefs/java.util.prefs=ALL-UNNAMED --add-opens=java.base/java.nio.charset=ALL-UNNAMED --add-opens=java.base/java.net=ALL-UNNAMED --add-opens=java.base/java.util.concurrent.atomic=ALL-UNNAMED --add-opens=java.xml/javax.xml.namespace=ALL-UNNAMED -XX:MaxMetaspaceSize=512m -Xmx2048m -Dfile.encoding=windows-1252 -Duser.country=US -Duser.language=en -Duser.variant -javaagent:C:\Users\Syed\.gradle\wrapper\dists\gradle-8.14.1-bin\baw1sv0jfoi8rxs14qo3h49cs\gradle-8.14.1\lib\agents\gradle-instrumentation-agent-8.14.1.jar org.gradle.launcher.daemon.bootstrap.GradleDaemon 8.14.1

Host: Intel(R) Core(TM) i3-7100U CPU @ 2.40GHz, 4 cores, 7G,  Windows 10 , 64 bit Build 19041 (10.0.19041.5915)
Time: Sun Aug 24 23:50:44 2025 Pakistan Standard Time elapsed time: 1706.811155 seconds (0d 0h 28m 26s)

---------------  T H R E A D  ---------------

Current thread (0x000001c9782bfec0):  VMThread "VM Thread" [stack: 0x000000103a800000,0x000000103a900000] [id=7980]

Stack: [0x000000103a800000,0x000000103a900000]
Native frames: (J=compiled Java code, j=interpreted, Vv=VM code, C=native code)
V  [jvm.dll+0x6887a9]
V  [jvm.dll+0x83f5a8]
V  [jvm.dll+0x841053]
V  [jvm.dll+0x8416c3]
V  [jvm.dll+0x2496ef]
V  [jvm.dll+0x6856e9]
V  [jvm.dll+0x679b7a]
V  [jvm.dll+0x30b0d7]
V  [jvm.dll+0x312646]
V  [jvm.dll+0x36300e]
V  [jvm.dll+0x36324d]
V  [jvm.dll+0x2e236c]
V  [jvm.dll+0x2e5386]
V  [jvm.dll+0x2efabc]
V  [jvm.dll+0x322c9d]
V  [jvm.dll+0x845efd]
V  [jvm.dll+0x846c33]
V  [jvm.dll+0x84715f]
V  [jvm.dll+0x847544]
V  [jvm.dll+0x84760e]
V  [jvm.dll+0x7ef2dc]
V  [jvm.dll+0x687687]
C  [ucrtbase.dll+0x21bb2]
C  [KERNEL32.DLL+0x17374]
C  [ntdll.dll+0x4cc91]

VM_Operation (0x000000103a4ff790): G1PauseRemark, mode: safepoint, requested by thread 0x000001c95a736140


---------------  P R O C E S S  ---------------

Threads class SMR info:
_java_thread_list=0x000001c92312a5f0, length=94, elements={
0x000001c95a6c8db0, 0x000001c9782c64e0, 0x000001c9782c7270, 0x000001c9782e0070,
0x000001c9782e3960, 0x000001c9782e4230, 0x000001c9782e4b00, 0x000001c9782e5700,
0x000001c9782e87c0, 0x000001c97834c450, 0x000001c9782ad500, 0x000001c9784a6530,
0x000001c9789a3aa0, 0x000001c97d645120, 0x000001c97dde8a30, 0x000001c9786dd8f0,
0x000001c9786dc9c0, 0x000001c9786db070, 0x000001c97e6cf610, 0x000001c97e6cfb20,
0x000001c97e6d1980, 0x000001c97e6cebf0, 0x000001c97e7f21f0, 0x000001c97e8de3f0,
0x000001c97e8de900, 0x000001c97e8dc590, 0x000001c924b27080, 0x000001c924b28ee0,
0x000001c924b293f0, 0x000001c924b289d0, 0x000001c924b29e10, 0x000001c924b2a830,
0x000001c924b2ea00, 0x000001c924b2b250, 0x000001c97f4f2200, 0x000001c97f4efe90,
0x000001c97f4ee030, 0x000001c97f4ef980, 0x000001c97f4f17e0, 0x000001c97f4f4060,
0x000001c97f4ef470, 0x000001c97f4f3130, 0x000001c97f4f4570, 0x000001c97f4eea50,
0x000001c97f4f3640, 0x000001c97f4eef60, 0x000001c97f4f4a80, 0x000001c97f4ed610,
0x000001c97f4f03a0, 0x000001c97f4f1cf0, 0x000001c97f4edb20, 0x000001c97f4f2c20,
0x000001c97f4f08b0, 0x000001c97f4f2710, 0x000001c97f4f4f90, 0x000001c97f4f0dc0,
0x000001c97f4f12d0, 0x000001c97e7f2700, 0x000001c97e7f0db0, 0x000001c97e7f08a0,
0x000001c97e7ee020, 0x000001c97e7ec1c0, 0x000001c97e7f3120, 0x000001c97e7f12c0,
0x000001c97e7ef460, 0x000001c97e7eef50, 0x000001c97e7ec6d0, 0x000001c97e7f17d0,
0x000001c97e7ebcb0, 0x000001c97e7f1ce0, 0x000001c97e7ecbe0, 0x000001c97e7ed0f0,
0x000001c97e7ef970, 0x000001c97e7ed600, 0x000001c97e7edb10, 0x000001c97e7ee530,
0x000001c97e7efe80, 0x000001c97e8e0250, 0x000001c97e8dbb70, 0x000001c97e8e0760,
0x000001c97e8dcaa0, 0x000001c97e8dcfb0, 0x000001c97e8ddee0, 0x000001c97e8e34f0,
0x000001c97e8dd4c0, 0x000001c97e8dd9d0, 0x000001c9786dd3e0, 0x000001c9786db580,
0x000001c9786de310, 0x000001c9786de820, 0x000001c9786dba90, 0x000001c9786dbfa0,
0x000001c9786dc4b0, 0x000001c97e6d0f60
}

Java Threads: ( => current thread )
  0x000001c95a6c8db0 JavaThread "main" [_thread_blocked, id=2888, stack(0x000000103a200000,0x000000103a300000)]
  0x000001c9782c64e0 JavaThread "Reference Handler" daemon [_thread_blocked, id=12028, stack(0x000000103a900000,0x000000103aa00000)]
  0x000001c9782c7270 JavaThread "Finalizer" daemon [_thread_blocked, id=7508, stack(0x000000103aa00000,0x000000103ab00000)]
  0x000001c9782e0070 JavaThread "Signal Dispatcher" daemon [_thread_blocked, id=2252, stack(0x000000103ab00000,0x000000103ac00000)]
  0x000001c9782e3960 JavaThread "Attach Listener" daemon [_thread_blocked, id=14364, stack(0x000000103ac00000,0x000000103ad00000)]
  0x000001c9782e4230 JavaThread "Service Thread" daemon [_thread_blocked, id=14776, stack(0x000000103ad00000,0x000000103ae00000)]
  0x000001c9782e4b00 JavaThread "Monitor Deflation Thread" daemon [_thread_blocked, id=12916, stack(0x000000103ae00000,0x000000103af00000)]
  0x000001c9782e5700 JavaThread "C2 CompilerThread0" daemon [_thread_blocked, id=12356, stack(0x000000103af00000,0x000000103b000000)]
  0x000001c9782e87c0 JavaThread "C1 CompilerThread0" daemon [_thread_blocked, id=13932, stack(0x000000103b000000,0x000000103b100000)]
  0x000001c97834c450 JavaThread "Sweeper thread" daemon [_thread_blocked, id=14792, stack(0x000000103b100000,0x000000103b200000)]
  0x000001c9782ad500 JavaThread "Common-Cleaner" daemon [_thread_blocked, id=8220, stack(0x000000103b200000,0x000000103b300000)]
  0x000001c9784a6530 JavaThread "Notification Thread" daemon [_thread_blocked, id=4748, stack(0x000000103b300000,0x000000103b400000)]
  0x000001c9789a3aa0 JavaThread "Daemon health stats" [_thread_blocked, id=2100, stack(0x000000103b800000,0x000000103b900000)]
  0x000001c97d645120 JavaThread "Incoming local TCP Connector on port 64899" [_thread_in_native, id=2008, stack(0x000000103b900000,0x000000103ba00000)]
  0x000001c97dde8a30 JavaThread "Daemon periodic checks" [_thread_blocked, id=10816, stack(0x000000103ba00000,0x000000103bb00000)]
  0x000001c9786dd8f0 JavaThread "Cache worker for journal cache (C:\Users\Syed\.gradle\caches\journal-1)" [_thread_blocked, id=13164, stack(0x000000103c200000,0x000000103c300000)]
  0x000001c9786dc9c0 JavaThread "File lock request listener" [_thread_in_native, id=14840, stack(0x000000103c300000,0x000000103c400000)]
  0x000001c9786db070 JavaThread "Cache worker for file hash cache (C:\Users\Syed\.gradle\caches\8.14.1\fileHashes)" [_thread_blocked, id=12200, stack(0x000000103c400000,0x000000103c500000)]
  0x000001c97e6cf610 JavaThread "File watcher server" daemon [_thread_blocked, id=5856, stack(0x000000103c700000,0x000000103c800000)]
  0x000001c97e6cfb20 JavaThread "File watcher consumer" daemon [_thread_blocked, id=8704, stack(0x000000103c800000,0x000000103c900000)]
  0x000001c97e6d1980 JavaThread "jar transforms" [_thread_blocked, id=7836, stack(0x000000103ca00000,0x000000103cb00000)]
  0x000001c97e6cebf0 JavaThread "Cache worker for file content cache (C:\Users\Syed\.gradle\caches\8.14.1\fileContent)" [_thread_blocked, id=12992, stack(0x000000103cc00000,0x000000103cd00000)]
  0x000001c97e7f21f0 JavaThread "Memory manager" [_thread_blocked, id=14264, stack(0x000000103e000000,0x000000103e100000)]
  0x000001c97e8de3f0 JavaThread "jar transforms Thread 2" [_thread_blocked, id=9664, stack(0x0000001040300000,0x0000001040400000)]
  0x000001c97e8de900 JavaThread "jar transforms Thread 3" [_thread_blocked, id=11292, stack(0x0000001040400000,0x0000001040500000)]
  0x000001c97e8dc590 JavaThread "jar transforms Thread 4" [_thread_blocked, id=14548, stack(0x0000001040800000,0x0000001040900000)]
  0x000001c924b27080 JavaThread "Daemon Thread 2" [_thread_blocked, id=10836, stack(0x0000001039f00000,0x000000103a000000)]
  0x000001c924b28ee0 JavaThread "Handler for socket connection from /127.0.0.1:64899 to /127.0.0.1:65343" [_thread_in_native, id=11208, stack(0x000000103a000000,0x000000103a100000)]
  0x000001c924b293f0 JavaThread "Cancel handler" [_thread_blocked, id=13348, stack(0x000000103a100000,0x000000103a200000)]
  0x000001c924b289d0 JavaThread "Daemon worker Thread 2" [_thread_blocked, id=13716, stack(0x000000103bb00000,0x000000103bc00000)]
  0x000001c924b29e10 JavaThread "Asynchronous log dispatcher for DefaultDaemonConnection: socket connection from /127.0.0.1:64899 to /127.0.0.1:65343" [_thread_blocked, id=9028, stack(0x000000103bc00000,0x000000103bd00000)]
  0x000001c924b2a830 JavaThread "Stdin handler" [_thread_blocked, id=10620, stack(0x000000103bd00000,0x000000103be00000)]
  0x000001c924b2ea00 JavaThread "Daemon client event forwarder" [_thread_blocked, id=14928, stack(0x000000103be00000,0x000000103bf00000)]
  0x000001c924b2b250 JavaThread "Cache worker for file hash cache (C:\MyCode\Habit_Tracker\android\.gradle\8.14.1\fileHashes)" [_thread_blocked, id=6484, stack(0x000000103bf00000,0x000000103c000000)]
  0x000001c97f4f2200 JavaThread "Cache worker for Build Output Cleanup Cache (C:\MyCode\Habit_Tracker\android\.gradle\buildOutputCleanup)" [_thread_blocked, id=8832, stack(0x000000103c000000,0x000000103c100000)]
  0x000001c97f4efe90 JavaThread "Cache worker for checksums cache (C:\MyCode\Habit_Tracker\android\.gradle\8.14.1\checksums)" [_thread_blocked, id=14888, stack(0x000000103c500000,0x000000103c600000)]
  0x000001c97f4ee030 JavaThread "Cache worker for cache directory md-supplier (C:\Users\Syed\.gradle\caches\8.14.1\md-supplier)" [_thread_blocked, id=13944, stack(0x000000103c600000,0x000000103c700000)]
  0x000001c97f4ef980 JavaThread "Cache worker for cache directory md-rule (C:\Users\Syed\.gradle\caches\8.14.1\md-rule)" [_thread_blocked, id=6964, stack(0x000000103cb00000,0x000000103cc00000)]
  0x000001c97f4f17e0 JavaThread "Cache worker for Build Output Cleanup Cache (C:\MyCode\Habit_Tracker\node_modules\@react-native\gradle-plugin\.gradle\buildOutputCleanup)" [_thread_blocked, id=13360, stack(0x000000103c100000,0x000000103c200000)]
  0x000001c97f4f4060 JavaThread "Unconstrained build operations" [_thread_blocked, id=11792, stack(0x000000103ce00000,0x000000103cf00000)]
  0x000001c97f4ef470 JavaThread "Unconstrained build operations Thread 2" [_thread_blocked, id=6044, stack(0x000000103cf00000,0x000000103d000000)]
  0x000001c97f4f3130 JavaThread "Unconstrained build operations Thread 3" [_thread_blocked, id=8088, stack(0x000000103d000000,0x000000103d100000)]
  0x000001c97f4f4570 JavaThread "Unconstrained build operations Thread 4" [_thread_blocked, id=13884, stack(0x000000103d100000,0x000000103d200000)]
  0x000001c97f4eea50 JavaThread "Unconstrained build operations Thread 5" [_thread_blocked, id=6976, stack(0x000000103d200000,0x000000103d300000)]
  0x000001c97f4f3640 JavaThread "Unconstrained build operations Thread 6" [_thread_blocked, id=3904, stack(0x000000103d300000,0x000000103d400000)]
  0x000001c97f4eef60 JavaThread "Unconstrained build operations Thread 7" [_thread_blocked, id=7936, stack(0x000000103d400000,0x000000103d500000)]
  0x000001c97f4f4a80 JavaThread "Unconstrained build operations Thread 8" [_thread_blocked, id=13276, stack(0x000000103d500000,0x000000103d600000)]
  0x000001c97f4ed610 JavaThread "Unconstrained build operations Thread 9" [_thread_blocked, id=3012, stack(0x000000103d600000,0x000000103d700000)]
  0x000001c97f4f03a0 JavaThread "Unconstrained build operations Thread 10" [_thread_blocked, id=7152, stack(0x000000103d700000,0x000000103d800000)]
  0x000001c97f4f1cf0 JavaThread "build event listener" [_thread_blocked, id=5848, stack(0x000000103cd00000,0x000000103ce00000)]
  0x000001c97f4edb20 JavaThread "ForkJoinPool.commonPool-worker-4" daemon [_thread_blocked, id=10572, stack(0x000000103d900000,0x000000103da00000)]
  0x000001c97f4f2c20 JavaThread "ForkJoinPool.commonPool-worker-5" daemon [_thread_blocked, id=8300, stack(0x000000103da00000,0x000000103db00000)]
  0x000001c97f4f08b0 JavaThread "ForkJoinPool.commonPool-worker-6" daemon [_thread_blocked, id=408, stack(0x000000103db00000,0x000000103dc00000)]
  0x000001c97f4f2710 JavaThread "included builds" [_thread_blocked, id=2688, stack(0x000000103dc00000,0x000000103dd00000)]
  0x000001c97f4f4f90 JavaThread "Execution worker" [_thread_blocked, id=14744, stack(0x000000103dd00000,0x000000103de00000)]
  0x000001c97f4f0dc0 JavaThread "Execution worker Thread 2" [_thread_blocked, id=5704, stack(0x000000103de00000,0x000000103df00000)]
  0x000001c97f4f12d0 JavaThread "Execution worker Thread 3" [_thread_blocked, id=7604, stack(0x000000103df00000,0x000000103e000000)]
  0x000001c97e7f2700 JavaThread "Cache worker for execution history cache (C:\MyCode\Habit_Tracker\node_modules\@react-native\gradle-plugin\.gradle\8.14.1\executionHistory)" [_thread_blocked, id=11516, stack(0x000000103e100000,0x000000103e200000)]
  0x000001c97e7f0db0 JavaThread "Unconstrained build operations Thread 11" [_thread_blocked, id=15088, stack(0x000000103e200000,0x000000103e300000)]
  0x000001c97e7f08a0 JavaThread "Unconstrained build operations Thread 12" [_thread_blocked, id=14972, stack(0x000000103e300000,0x000000103e400000)]
  0x000001c97e7ee020 JavaThread "Unconstrained build operations Thread 13" [_thread_blocked, id=7380, stack(0x000000103e400000,0x000000103e500000)]
  0x000001c97e7ec1c0 JavaThread "Unconstrained build operations Thread 14" [_thread_blocked, id=11612, stack(0x000000103e500000,0x000000103e600000)]
  0x000001c97e7f3120 JavaThread "Unconstrained build operations Thread 15" [_thread_blocked, id=4192, stack(0x000000103e600000,0x000000103e700000)]
  0x000001c97e7f12c0 JavaThread "Unconstrained build operations Thread 16" [_thread_blocked, id=10648, stack(0x000000103e700000,0x000000103e800000)]
  0x000001c97e7ef460 JavaThread "Unconstrained build operations Thread 17" [_thread_blocked, id=10316, stack(0x000000103e800000,0x000000103e900000)]
  0x000001c97e7eef50 JavaThread "Unconstrained build operations Thread 18" [_thread_blocked, id=7176, stack(0x000000103e900000,0x000000103ea00000)]
  0x000001c97e7ec6d0 JavaThread "Unconstrained build operations Thread 19" [_thread_blocked, id=8628, stack(0x000000103ea00000,0x000000103eb00000)]
  0x000001c97e7f17d0 JavaThread "Unconstrained build operations Thread 20" [_thread_blocked, id=11796, stack(0x000000103eb00000,0x000000103ec00000)]
  0x000001c97e7ebcb0 JavaThread "Unconstrained build operations Thread 21" [_thread_blocked, id=5632, stack(0x000000103ec00000,0x000000103ed00000)]
  0x000001c97e7f1ce0 JavaThread "Unconstrained build operations Thread 22" [_thread_blocked, id=4552, stack(0x000000103ed00000,0x000000103ee00000)]
  0x000001c97e7ecbe0 JavaThread "Unconstrained build operations Thread 23" [_thread_blocked, id=7860, stack(0x000000103ee00000,0x000000103ef00000)]
  0x000001c97e7ed0f0 JavaThread "Unconstrained build operations Thread 24" [_thread_blocked, id=12316, stack(0x000000103ef00000,0x000000103f000000)]
  0x000001c97e7ef970 JavaThread "Unconstrained build operations Thread 25" [_thread_blocked, id=9548, stack(0x000000103f000000,0x000000103f100000)]
  0x000001c97e7ed600 JavaThread "Unconstrained build operations Thread 26" [_thread_blocked, id=8736, stack(0x000000103f100000,0x000000103f200000)]
  0x000001c97e7edb10 JavaThread "Unconstrained build operations Thread 27" [_thread_blocked, id=1392, stack(0x000000103f200000,0x000000103f300000)]
  0x000001c97e7ee530 JavaThread "Unconstrained build operations Thread 28" [_thread_blocked, id=11676, stack(0x000000103f300000,0x000000103f400000)]
  0x000001c97e7efe80 JavaThread "Unconstrained build operations Thread 29" [_thread_blocked, id=3832, stack(0x000000103f400000,0x000000103f500000)]
  0x000001c97e8e0250 JavaThread "Unconstrained build operations Thread 30" [_thread_blocked, id=11852, stack(0x000000103f500000,0x000000103f600000)]
  0x000001c97e8dbb70 JavaThread "Unconstrained build operations Thread 31" [_thread_blocked, id=13544, stack(0x000000103f600000,0x000000103f700000)]
  0x000001c97e8e0760 JavaThread "Unconstrained build operations Thread 32" [_thread_blocked, id=13408, stack(0x000000103f700000,0x000000103f800000)]
  0x000001c97e8dcaa0 JavaThread "build event listener" [_thread_blocked, id=14936, stack(0x000000103f800000,0x000000103f900000)]
  0x000001c97e8dcfb0 JavaThread "Problems report writer" [_thread_blocked, id=8996, stack(0x000000103f900000,0x000000103fa00000)]
  0x000001c97e8ddee0 JavaThread "Unconstrained build operations Thread 33" [_thread_blocked, id=10484, stack(0x000000103fa00000,0x000000103fb00000)]
  0x000001c97e8e34f0 JavaThread "Unconstrained build operations Thread 34" [_thread_blocked, id=5448, stack(0x000000103fb00000,0x000000103fc00000)]
  0x000001c97e8dd4c0 JavaThread "Unconstrained build operations Thread 35" [_thread_blocked, id=5380, stack(0x000000103fc00000,0x000000103fd00000)]
  0x000001c97e8dd9d0 JavaThread "Unconstrained build operations Thread 36" [_thread_blocked, id=8884, stack(0x000000103fd00000,0x000000103fe00000)]
  0x000001c9786dd3e0 JavaThread "Unconstrained build operations Thread 37" [_thread_blocked, id=4008, stack(0x000000103fe00000,0x000000103ff00000)]
  0x000001c9786db580 JavaThread "Unconstrained build operations Thread 38" [_thread_blocked, id=8840, stack(0x000000103ff00000,0x0000001040000000)]
  0x000001c9786de310 JavaThread "Unconstrained build operations Thread 39" [_thread_blocked, id=3480, stack(0x0000001040000000,0x0000001040100000)]
  0x000001c9786de820 JavaThread "Unconstrained build operations Thread 40" [_thread_blocked, id=6924, stack(0x0000001040100000,0x0000001040200000)]
  0x000001c9786dba90 JavaThread "Exec process Thread 4" [_thread_blocked, id=4564, stack(0x0000001040200000,0x0000001040300000)]
  0x000001c9786dbfa0 JavaThread "Exec process Thread 5" [_thread_blocked, id=3964, stack(0x0000001040500000,0x0000001040600000)]
  0x000001c9786dc4b0 JavaThread "Exec process Thread 6" [_thread_blocked, id=9120, stack(0x0000001040600000,0x0000001040700000)]
  0x000001c97e6d0f60 JavaThread "Cache worker for execution history cache (C:\MyCode\Habit_Tracker\android\.gradle\8.14.1\executionHistory)" [_thread_blocked, id=11044, stack(0x0000001040700000,0x0000001040800000)]

Other Threads:
=>0x000001c9782bfec0 VMThread "VM Thread" [stack: 0x000000103a800000,0x000000103a900000] [id=7980]
  0x000001c95a6c9920 WatcherThread [stack: 0x000000103b400000,0x000000103b500000] [id=12864]
  0x000001c95a725b10 GCTaskThread "GC Thread#0" [stack: 0x000000103a300000,0x000000103a400000] [id=12676]
  0x000001c9786b7bf0 GCTaskThread "GC Thread#1" [stack: 0x000000103b500000,0x000000103b600000] [id=5032]
  0x000001c9785b7620 GCTaskThread "GC Thread#2" [stack: 0x000000103b600000,0x000000103b700000] [id=12824]
  0x000001c978d47b40 GCTaskThread "GC Thread#3" [stack: 0x000000103b700000,0x000000103b800000] [id=12624]
  0x000001c95a736140 ConcurrentGCThread "G1 Main Marker" [stack: 0x000000103a400000,0x000000103a500000] [id=800]
  0x000001c95a736a70 ConcurrentGCThread "G1 Conc#0" [stack: 0x000000103a500000,0x000000103a600000] [id=14196]
  0x000001c95a77dce0 ConcurrentGCThread "G1 Refine#0" [stack: 0x000000103a600000,0x000000103a700000] [id=14184]
  0x000001c9787d7130 ConcurrentGCThread "G1 Refine#1" [stack: 0x000000103c900000,0x000000103ca00000] [id=8048]
  0x000001c95a77e620 ConcurrentGCThread "G1 Service" [stack: 0x000000103a700000,0x000000103a800000] [id=14308]

Threads with active compile tasks:

VM state: at safepoint (normal execution)

VM Mutex/Monitor currently owned by a thread:  ([mutex/lock_event])
[0x000001c95a6c57d0] Threads_lock - owner thread: 0x000001c9782bfec0
[0x000001c95a6c4ff0] Heap_lock - owner thread: 0x000001c95a736140

Heap address: 0x0000000080000000, size: 2048 MB, Compressed Oops mode: 32-bit

CDS archive(s) mapped at: [0x000001c900000000-0x000001c900bb0000-0x000001c900bb0000), size 12255232, SharedBaseAddress: 0x000001c900000000, ArchiveRelocationMode: 1.
Compressed class space mapped at: 0x000001c901000000-0x000001c91b000000, reserved size: 436207616
Narrow klass base: 0x000001c900000000, Narrow klass shift: 0, Narrow klass range: 0x100000000

GC Precious Log:
 CPUs: 4 total, 4 available
 Memory: 8077M
 Large Page Support: Disabled
 NUMA Support: Disabled
 Compressed Oops: Enabled (32-bit)
 Heap Region Size: 1M
 Heap Min Capacity: 8M
 Heap Initial Capacity: 128M
 Heap Max Capacity: 2G
 Pre-touch: Disabled
 Parallel Workers: 4
 Concurrent Workers: 1
 Concurrent Refinement Workers: 4
 Periodic GC: Disabled

Heap:
 garbage-first heap   total 435200K, used 380634K [0x0000000080000000, 0x0000000100000000)
  region size 1024K, 7 young (7168K), 2 survivors (2048K)
 Metaspace       used 126551K, committed 128832K, reserved 557056K
  class space    used 17224K, committed 18240K, reserved 425984K

Heap Regions: E=young(eden), S=young(survivor), O=old, HS=humongous(starts), HC=humongous(continues), CS=collection set, F=free, OA=open archive, CA=closed archive, TAMS=top-at-mark-start (previous, next)
|   0|0x0000000080000000, 0x0000000080100000, 0x0000000080100000|100%|HS|  |TAMS 0x0000000080100000, 0x0000000080000000| Complete 
|   1|0x0000000080100000, 0x0000000080200000, 0x0000000080200000|100%|HC|  |TAMS 0x0000000080200000, 0x0000000080100000| Complete 
|   2|0x0000000080200000, 0x0000000080300000, 0x0000000080300000|100%|HC|  |TAMS 0x0000000080300000, 0x0000000080200000| Complete 
|   3|0x0000000080300000, 0x0000000080400000, 0x0000000080400000|100%| O|  |TAMS 0x0000000080400000, 0x0000000080300000| Untracked 
|   4|0x0000000080400000, 0x0000000080500000, 0x0000000080500000|100%| O|  |TAMS 0x0000000080500000, 0x0000000080400000| Untracked 
|   5|0x0000000080500000, 0x0000000080600000, 0x0000000080600000|100%| O|  |TAMS 0x0000000080600000, 0x0000000080500000| Untracked 
|   6|0x0000000080600000, 0x0000000080700000, 0x0000000080700000|100%| O|  |TAMS 0x0000000080700000, 0x0000000080600000| Untracked 
|   7|0x0000000080700000, 0x0000000080800000, 0x0000000080800000|100%|HS|  |TAMS 0x0000000080800000, 0x0000000080700000| Complete 
|   8|0x0000000080800000, 0x0000000080900000, 0x0000000080900000|100%| O|  |TAMS 0x0000000080900000, 0x0000000080800000| Untracked 
|   9|0x0000000080900000, 0x0000000080a00000, 0x0000000080a00000|100%| O|  |TAMS 0x0000000080a00000, 0x0000000080900000| Untracked 
|  10|0x0000000080a00000, 0x0000000080b00000, 0x0000000080b00000|100%| O|  |TAMS 0x0000000080b00000, 0x0000000080a00000| Untracked 
|  11|0x0000000080b00000, 0x0000000080c00000, 0x0000000080c00000|100%| O|  |TAMS 0x0000000080c00000, 0x0000000080b00000| Updating 
|  12|0x0000000080c00000, 0x0000000080d00000, 0x0000000080d00000|100%| O|  |TAMS 0x0000000080d00000, 0x0000000080c00000| Untracked 
|  13|0x0000000080d00000, 0x0000000080e00000, 0x0000000080e00000|100%| O|  |TAMS 0x0000000080e00000, 0x0000000080d00000| Untracked 
|  14|0x0000000080e00000, 0x0000000080f00000, 0x0000000080f00000|100%| O|  |TAMS 0x0000000080f00000, 0x0000000080e00000| Untracked 
|  15|0x0000000080f00000, 0x0000000081000000, 0x0000000081000000|100%| O|  |TAMS 0x0000000081000000, 0x0000000080f00000| Untracked 
|  16|0x0000000081000000, 0x0000000081100000, 0x0000000081100000|100%| O|  |TAMS 0x0000000081100000, 0x0000000081000000| Untracked 
|  17|0x0000000081100000, 0x0000000081200000, 0x0000000081200000|100%| O|  |TAMS 0x0000000081200000, 0x0000000081100000| Untracked 
|  18|0x0000000081200000, 0x0000000081300000, 0x0000000081300000|100%| O|  |TAMS 0x0000000081300000, 0x0000000081200000| Untracked 
|  19|0x0000000081300000, 0x0000000081400000, 0x0000000081400000|100%| O|  |TAMS 0x0000000081400000, 0x0000000081300000| Untracked 
|  20|0x0000000081400000, 0x0000000081500000, 0x0000000081500000|100%| O|  |TAMS 0x0000000081500000, 0x0000000081400000| Updating 
|  21|0x0000000081500000, 0x0000000081600000, 0x0000000081600000|100%| O|  |TAMS 0x0000000081600000, 0x0000000081500000| Updating 
|  22|0x0000000081600000, 0x0000000081700000, 0x0000000081700000|100%| O|  |TAMS 0x0000000081700000, 0x0000000081600000| Untracked 
|  23|0x0000000081700000, 0x0000000081800000, 0x0000000081800000|100%| O|  |TAMS 0x0000000081800000, 0x0000000081700000| Updating 
|  24|0x0000000081800000, 0x0000000081900000, 0x0000000081900000|100%| O|  |TAMS 0x0000000081900000, 0x0000000081800000| Updating 
|  25|0x0000000081900000, 0x0000000081a00000, 0x0000000081a00000|100%| O|  |TAMS 0x0000000081a00000, 0x0000000081900000| Updating 
|  26|0x0000000081a00000, 0x0000000081b00000, 0x0000000081b00000|100%| O|  |TAMS 0x0000000081b00000, 0x0000000081a00000| Updating 
|  27|0x0000000081b00000, 0x0000000081c00000, 0x0000000081c00000|100%| O|  |TAMS 0x0000000081c00000, 0x0000000081b00000| Updating 
|  28|0x0000000081c00000, 0x0000000081d00000, 0x0000000081d00000|100%| O|  |TAMS 0x0000000081d00000, 0x0000000081c00000| Updating 
|  29|0x0000000081d00000, 0x0000000081e00000, 0x0000000081e00000|100%| O|  |TAMS 0x0000000081e00000, 0x0000000081d00000| Updating 
|  30|0x0000000081e00000, 0x0000000081f00000, 0x0000000081f00000|100%| O|  |TAMS 0x0000000081f00000, 0x0000000081e00000| Updating 
|  31|0x0000000081f00000, 0x0000000082000000, 0x0000000082000000|100%| O|  |TAMS 0x0000000082000000, 0x0000000081f00000| Untracked 
|  32|0x0000000082000000, 0x0000000082100000, 0x0000000082100000|100%| O|  |TAMS 0x0000000082100000, 0x0000000082000000| Updating 
|  33|0x0000000082100000, 0x0000000082200000, 0x0000000082200000|100%| O|  |TAMS 0x0000000082200000, 0x0000000082100000| Untracked 
|  34|0x0000000082200000, 0x0000000082300000, 0x0000000082300000|100%|HS|  |TAMS 0x0000000082300000, 0x0000000082200000| Complete 
|  35|0x0000000082300000, 0x0000000082400000, 0x0000000082400000|100%|HC|  |TAMS 0x0000000082400000, 0x0000000082300000| Complete 
|  36|0x0000000082400000, 0x0000000082500000, 0x0000000082500000|100%|HC|  |TAMS 0x0000000082500000, 0x0000000082400000| Complete 
|  37|0x0000000082500000, 0x0000000082600000, 0x0000000082600000|100%|HS|  |TAMS 0x0000000082600000, 0x0000000082500000| Complete 
|  38|0x0000000082600000, 0x0000000082700000, 0x0000000082700000|100%|HC|  |TAMS 0x0000000082700000, 0x0000000082600000| Complete 
|  39|0x0000000082700000, 0x0000000082800000, 0x0000000082800000|100%|HC|  |TAMS 0x0000000082800000, 0x0000000082700000| Complete 
|  40|0x0000000082800000, 0x0000000082900000, 0x0000000082900000|100%| O|  |TAMS 0x0000000082900000, 0x0000000082800000| Updating 
|  41|0x0000000082900000, 0x0000000082a00000, 0x0000000082a00000|100%| O|  |TAMS 0x0000000082a00000, 0x0000000082900000| Updating 
|  42|0x0000000082a00000, 0x0000000082b00000, 0x0000000082b00000|100%| O|  |TAMS 0x0000000082b00000, 0x0000000082a00000| Updating 
|  43|0x0000000082b00000, 0x0000000082c00000, 0x0000000082c00000|100%| O|  |TAMS 0x0000000082c00000, 0x0000000082b00000| Updating 
|  44|0x0000000082c00000, 0x0000000082d00000, 0x0000000082d00000|100%| O|  |TAMS 0x0000000082d00000, 0x0000000082c00000| Updating 
|  45|0x0000000082d00000, 0x0000000082e00000, 0x0000000082e00000|100%| O|  |TAMS 0x0000000082e00000, 0x0000000082d00000| Updating 
|  46|0x0000000082e00000, 0x0000000082f00000, 0x0000000082f00000|100%| O|  |TAMS 0x0000000082f00000, 0x0000000082e00000| Updating 
|  47|0x0000000082f00000, 0x0000000083000000, 0x0000000083000000|100%| O|  |TAMS 0x0000000083000000, 0x0000000082f00000| Untracked 
|  48|0x0000000083000000, 0x0000000083100000, 0x0000000083100000|100%| O|  |TAMS 0x0000000083100000, 0x0000000083000000| Updating 
|  49|0x0000000083100000, 0x0000000083200000, 0x0000000083200000|100%| O|  |TAMS 0x0000000083200000, 0x0000000083100000| Updating 
|  50|0x0000000083200000, 0x0000000083300000, 0x0000000083300000|100%| O|  |TAMS 0x0000000083300000, 0x0000000083200000| Updating 
|  51|0x0000000083300000, 0x0000000083400000, 0x0000000083400000|100%| O|  |TAMS 0x0000000083400000, 0x0000000083300000| Untracked 
|  52|0x0000000083400000, 0x0000000083500000, 0x0000000083500000|100%| O|  |TAMS 0x0000000083500000, 0x0000000083400000| Updating 
|  53|0x0000000083500000, 0x0000000083600000, 0x0000000083600000|100%| O|  |TAMS 0x0000000083600000, 0x0000000083500000| Updating 
|  54|0x0000000083600000, 0x0000000083700000, 0x0000000083700000|100%| O|  |TAMS 0x0000000083700000, 0x0000000083600000| Updating 
|  55|0x0000000083700000, 0x0000000083800000, 0x0000000083800000|100%| O|  |TAMS 0x0000000083800000, 0x0000000083700000| Updating 
|  56|0x0000000083800000, 0x0000000083900000, 0x0000000083900000|100%| O|  |TAMS 0x0000000083900000, 0x0000000083800000| Updating 
|  57|0x0000000083900000, 0x0000000083a00000, 0x0000000083a00000|100%| O|  |TAMS 0x0000000083a00000, 0x0000000083900000| Updating 
|  58|0x0000000083a00000, 0x0000000083b00000, 0x0000000083b00000|100%| O|  |TAMS 0x0000000083b00000, 0x0000000083a00000| Updating 
|  59|0x0000000083b00000, 0x0000000083c00000, 0x0000000083c00000|100%| O|  |TAMS 0x0000000083c00000, 0x0000000083b00000| Updating 
|  60|0x0000000083c00000, 0x0000000083d00000, 0x0000000083d00000|100%| O|  |TAMS 0x0000000083d00000, 0x0000000083c00000| Updating 
|  61|0x0000000083d00000, 0x0000000083e00000, 0x0000000083e00000|100%| O|  |TAMS 0x0000000083e00000, 0x0000000083d00000| Updating 
|  62|0x0000000083e00000, 0x0000000083f00000, 0x0000000083f00000|100%| O|  |TAMS 0x0000000083f00000, 0x0000000083e00000| Updating 
|  63|0x0000000083f00000, 0x0000000084000000, 0x0000000084000000|100%| O|  |TAMS 0x0000000084000000, 0x0000000083f00000| Updating 
|  64|0x0000000084000000, 0x0000000084100000, 0x0000000084100000|100%| O|  |TAMS 0x0000000084100000, 0x0000000084000000| Updating 
|  65|0x0000000084100000, 0x0000000084200000, 0x0000000084200000|100%| O|  |TAMS 0x0000000084200000, 0x0000000084100000| Updating 
|  66|0x0000000084200000, 0x0000000084300000, 0x0000000084300000|100%| O|  |TAMS 0x0000000084300000, 0x0000000084200000| Untracked 
|  67|0x0000000084300000, 0x0000000084400000, 0x0000000084400000|100%| O|  |TAMS 0x0000000084400000, 0x0000000084300000| Updating 
|  68|0x0000000084400000, 0x0000000084500000, 0x0000000084500000|100%| O|  |TAMS 0x0000000084500000, 0x0000000084400000| Updating 
|  69|0x0000000084500000, 0x0000000084600000, 0x0000000084600000|100%| O|  |TAMS 0x0000000084600000, 0x0000000084500000| Updating 
|  70|0x0000000084600000, 0x0000000084700000, 0x0000000084700000|100%| O|  |TAMS 0x0000000084700000, 0x0000000084600000| Updating 
|  71|0x0000000084700000, 0x0000000084800000, 0x0000000084800000|100%| O|  |TAMS 0x0000000084800000, 0x0000000084700000| Updating 
|  72|0x0000000084800000, 0x0000000084900000, 0x0000000084900000|100%| O|  |TAMS 0x0000000084900000, 0x0000000084800000| Updating 
|  73|0x0000000084900000, 0x0000000084a00000, 0x0000000084a00000|100%| O|  |TAMS 0x0000000084a00000, 0x0000000084900000| Updating 
|  74|0x0000000084a00000, 0x0000000084b00000, 0x0000000084b00000|100%|HS|  |TAMS 0x0000000084b00000, 0x0000000084a00000| Complete 
|  75|0x0000000084b00000, 0x0000000084c00000, 0x0000000084c00000|100%|HS|  |TAMS 0x0000000084c00000, 0x0000000084b00000| Complete 
|  76|0x0000000084c00000, 0x0000000084d00000, 0x0000000084d00000|100%|HS|  |TAMS 0x0000000084d00000, 0x0000000084c00000| Complete 
|  77|0x0000000084d00000, 0x0000000084e00000, 0x0000000084e00000|100%|HS|  |TAMS 0x0000000084e00000, 0x0000000084d00000| Complete 
|  78|0x0000000084e00000, 0x0000000084f00000, 0x0000000084f00000|100%|HS|  |TAMS 0x0000000084f00000, 0x0000000084e00000| Complete 
|  79|0x0000000084f00000, 0x0000000085000000, 0x0000000085000000|100%|HS|  |TAMS 0x0000000085000000, 0x0000000084f00000| Complete 
|  80|0x0000000085000000, 0x0000000085100000, 0x0000000085100000|100%| O|  |TAMS 0x0000000085100000, 0x0000000085000000| Updating 
|  81|0x0000000085100000, 0x0000000085200000, 0x0000000085200000|100%| O|  |TAMS 0x0000000085200000, 0x0000000085100000| Updating 
|  82|0x0000000085200000, 0x0000000085300000, 0x0000000085300000|100%| O|  |TAMS 0x0000000085300000, 0x0000000085200000| Updating 
|  83|0x0000000085300000, 0x0000000085400000, 0x0000000085400000|100%| O|  |TAMS 0x0000000085400000, 0x0000000085300000| Untracked 
|  84|0x0000000085400000, 0x0000000085500000, 0x0000000085500000|100%| O|  |TAMS 0x0000000085500000, 0x0000000085400000| Updating 
|  85|0x0000000085500000, 0x0000000085600000, 0x0000000085600000|100%| O|  |TAMS 0x0000000085600000, 0x0000000085500000| Untracked 
|  86|0x0000000085600000, 0x0000000085700000, 0x0000000085700000|100%| O|  |TAMS 0x0000000085700000, 0x0000000085600000| Updating 
|  87|0x0000000085700000, 0x0000000085800000, 0x0000000085800000|100%| O|  |TAMS 0x0000000085800000, 0x0000000085700000| Untracked 
|  88|0x0000000085800000, 0x0000000085900000, 0x0000000085900000|100%| O|  |TAMS 0x0000000085900000, 0x0000000085800000| Updating 
|  89|0x0000000085900000, 0x0000000085a00000, 0x0000000085a00000|100%| O|  |TAMS 0x0000000085a00000, 0x0000000085900000| Untracked 
|  90|0x0000000085a00000, 0x0000000085b00000, 0x0000000085b00000|100%| O|  |TAMS 0x0000000085b00000, 0x0000000085a00000| Untracked 
|  91|0x0000000085b00000, 0x0000000085c00000, 0x0000000085c00000|100%| O|  |TAMS 0x0000000085c00000, 0x0000000085b00000| Untracked 
|  92|0x0000000085c00000, 0x0000000085d00000, 0x0000000085d00000|100%| O|  |TAMS 0x0000000085d00000, 0x0000000085c00000| Updating 
|  93|0x0000000085d00000, 0x0000000085e00000, 0x0000000085e00000|100%|HS|  |TAMS 0x0000000085e00000, 0x0000000085d00000| Complete 
|  94|0x0000000085e00000, 0x0000000085f00000, 0x0000000085f00000|100%| O|  |TAMS 0x0000000085f00000, 0x0000000085e00000| Untracked 
|  95|0x0000000085f00000, 0x0000000086000000, 0x0000000086000000|100%| O|  |TAMS 0x0000000086000000, 0x0000000085f00000| Untracked 
|  96|0x0000000086000000, 0x0000000086100000, 0x0000000086100000|100%|HS|  |TAMS 0x0000000086100000, 0x0000000086000000| Complete 
|  97|0x0000000086100000, 0x0000000086200000, 0x0000000086200000|100%|HC|  |TAMS 0x0000000086200000, 0x0000000086100000| Complete 
|  98|0x0000000086200000, 0x0000000086300000, 0x0000000086300000|100%|HC|  |TAMS 0x0000000086300000, 0x0000000086200000| Complete 
|  99|0x0000000086300000, 0x0000000086400000, 0x0000000086400000|100%| O|  |TAMS 0x0000000086400000, 0x0000000086300000| Updating 
| 100|0x0000000086400000, 0x0000000086500000, 0x0000000086500000|100%| O|  |TAMS 0x0000000086500000, 0x0000000086400000| Updating 
| 101|0x0000000086500000, 0x0000000086600000, 0x0000000086600000|100%| O|  |TAMS 0x0000000086600000, 0x0000000086500000| Updating 
| 102|0x0000000086600000, 0x0000000086700000, 0x0000000086700000|100%| O|  |TAMS 0x0000000086700000, 0x0000000086600000| Untracked 
| 103|0x0000000086700000, 0x0000000086800000, 0x0000000086800000|100%| O|  |TAMS 0x0000000086800000, 0x0000000086700000| Untracked 
| 104|0x0000000086800000, 0x0000000086900000, 0x0000000086900000|100%| O|  |TAMS 0x0000000086900000, 0x0000000086800000| Updating 
| 105|0x0000000086900000, 0x0000000086a00000, 0x0000000086a00000|100%| O|  |TAMS 0x0000000086a00000, 0x0000000086900000| Untracked 
| 106|0x0000000086a00000, 0x0000000086b00000, 0x0000000086b00000|100%| O|  |TAMS 0x0000000086b00000, 0x0000000086a00000| Untracked 
| 107|0x0000000086b00000, 0x0000000086c00000, 0x0000000086c00000|100%| O|  |TAMS 0x0000000086c00000, 0x0000000086b00000| Updating 
| 108|0x0000000086c00000, 0x0000000086d00000, 0x0000000086d00000|100%| O|  |TAMS 0x0000000086d00000, 0x0000000086c00000| Updating 
| 109|0x0000000086d00000, 0x0000000086e00000, 0x0000000086e00000|100%| O|  |TAMS 0x0000000086e00000, 0x0000000086d00000| Updating 
| 110|0x0000000086e00000, 0x0000000086f00000, 0x0000000086f00000|100%| O|  |TAMS 0x0000000086f00000, 0x0000000086e00000| Updating 
| 111|0x0000000086f00000, 0x0000000087000000, 0x0000000087000000|100%| O|  |TAMS 0x0000000087000000, 0x0000000086f00000| Updating 
| 112|0x0000000087000000, 0x0000000087100000, 0x0000000087100000|100%| O|  |TAMS 0x0000000087100000, 0x0000000087000000| Updating 
| 113|0x0000000087100000, 0x0000000087200000, 0x0000000087200000|100%| O|  |TAMS 0x0000000087200000, 0x0000000087100000| Updating 
| 114|0x0000000087200000, 0x0000000087300000, 0x0000000087300000|100%| O|  |TAMS 0x0000000087300000, 0x0000000087200000| Updating 
| 115|0x0000000087300000, 0x0000000087400000, 0x0000000087400000|100%| O|  |TAMS 0x0000000087400000, 0x0000000087300000| Updating 
| 116|0x0000000087400000, 0x0000000087500000, 0x0000000087500000|100%| O|  |TAMS 0x0000000087500000, 0x0000000087400000| Updating 
| 117|0x0000000087500000, 0x0000000087600000, 0x0000000087600000|100%| O|  |TAMS 0x0000000087600000, 0x0000000087500000| Updating 
| 118|0x0000000087600000, 0x0000000087700000, 0x0000000087700000|100%| O|  |TAMS 0x0000000087700000, 0x0000000087600000| Updating 
| 119|0x0000000087700000, 0x0000000087800000, 0x0000000087800000|100%| O|  |TAMS 0x0000000087800000, 0x0000000087700000| Updating 
| 120|0x0000000087800000, 0x0000000087900000, 0x0000000087900000|100%| O|  |TAMS 0x0000000087900000, 0x0000000087800000| Untracked 
| 121|0x0000000087900000, 0x0000000087a00000, 0x0000000087a00000|100%| O|  |TAMS 0x0000000087a00000, 0x0000000087900000| Updating 
| 122|0x0000000087a00000, 0x0000000087b00000, 0x0000000087b00000|100%| O|  |TAMS 0x0000000087b00000, 0x0000000087a00000| Updating 
| 123|0x0000000087b00000, 0x0000000087c00000, 0x0000000087c00000|100%| O|  |TAMS 0x0000000087c00000, 0x0000000087b00000| Updating 
| 124|0x0000000087c00000, 0x0000000087d00000, 0x0000000087d00000|100%| O|  |TAMS 0x0000000087d00000, 0x0000000087c00000| Updating 
| 125|0x0000000087d00000, 0x0000000087e00000, 0x0000000087e00000|100%| O|  |TAMS 0x0000000087e00000, 0x0000000087d00000| Updating 
| 126|0x0000000087e00000, 0x0000000087f00000, 0x0000000087f00000|100%|HS|  |TAMS 0x0000000087f00000, 0x0000000087e00000| Complete 
| 127|0x0000000087f00000, 0x0000000088000000, 0x0000000088000000|100%|HS|  |TAMS 0x0000000088000000, 0x0000000087f00000| Complete 
| 128|0x0000000088000000, 0x0000000088100000, 0x0000000088100000|100%| O|  |TAMS 0x0000000088100000, 0x0000000088000000| Untracked 
| 129|0x0000000088100000, 0x0000000088200000, 0x0000000088200000|100%|HS|  |TAMS 0x0000000088200000, 0x0000000088100000| Complete 
| 130|0x0000000088200000, 0x0000000088300000, 0x0000000088300000|100%|HC|  |TAMS 0x0000000088300000, 0x0000000088200000| Complete 
| 131|0x0000000088300000, 0x0000000088400000, 0x0000000088400000|100%| O|  |TAMS 0x0000000088400000, 0x0000000088300000| Updating 
| 132|0x0000000088400000, 0x0000000088500000, 0x0000000088500000|100%| O|  |TAMS 0x0000000088500000, 0x0000000088400000| Updating 
| 133|0x0000000088500000, 0x0000000088600000, 0x0000000088600000|100%| O|  |TAMS 0x0000000088600000, 0x0000000088500000| Updating 
| 134|0x0000000088600000, 0x0000000088700000, 0x0000000088700000|100%| O|  |TAMS 0x0000000088700000, 0x0000000088600000| Updating 
| 135|0x0000000088700000, 0x0000000088800000, 0x0000000088800000|100%| O|  |TAMS 0x0000000088800000, 0x0000000088700000| Updating 
| 136|0x0000000088800000, 0x0000000088900000, 0x0000000088900000|100%| O|  |TAMS 0x0000000088900000, 0x0000000088800000| Updating 
| 137|0x0000000088900000, 0x0000000088a00000, 0x0000000088a00000|100%| O|  |TAMS 0x0000000088a00000, 0x0000000088900000| Updating 
| 138|0x0000000088a00000, 0x0000000088b00000, 0x0000000088b00000|100%| O|  |TAMS 0x0000000088b00000, 0x0000000088a00000| Untracked 
| 139|0x0000000088b00000, 0x0000000088c00000, 0x0000000088c00000|100%| O|  |TAMS 0x0000000088c00000, 0x0000000088b00000| Untracked 
| 140|0x0000000088c00000, 0x0000000088d00000, 0x0000000088d00000|100%| O|  |TAMS 0x0000000088d00000, 0x0000000088c00000| Untracked 
| 141|0x0000000088d00000, 0x0000000088e00000, 0x0000000088e00000|100%| O|  |TAMS 0x0000000088e00000, 0x0000000088d00000| Untracked 
| 142|0x0000000088e00000, 0x0000000088f00000, 0x0000000088f00000|100%| O|  |TAMS 0x0000000088f00000, 0x0000000088e00000| Updating 
| 143|0x0000000088f00000, 0x0000000089000000, 0x0000000089000000|100%| O|  |TAMS 0x0000000089000000, 0x0000000088f00000| Updating 
| 144|0x0000000089000000, 0x0000000089100000, 0x0000000089100000|100%| O|  |TAMS 0x0000000089100000, 0x0000000089000000| Updating 
| 145|0x0000000089100000, 0x0000000089200000, 0x0000000089200000|100%| O|  |TAMS 0x0000000089200000, 0x0000000089100000| Updating 
| 146|0x0000000089200000, 0x0000000089300000, 0x0000000089300000|100%| O|  |TAMS 0x0000000089300000, 0x0000000089200000| Updating 
| 147|0x0000000089300000, 0x0000000089400000, 0x0000000089400000|100%| O|  |TAMS 0x0000000089400000, 0x0000000089300000| Updating 
| 148|0x0000000089400000, 0x0000000089400000, 0x0000000089500000|  0%| F|  |TAMS 0x0000000089400000, 0x0000000089400000| Untracked 
| 149|0x0000000089500000, 0x0000000089600000, 0x0000000089600000|100%| O|  |TAMS 0x0000000089600000, 0x0000000089500000| Updating 
| 150|0x0000000089600000, 0x0000000089700000, 0x0000000089700000|100%| O|  |TAMS 0x0000000089700000, 0x0000000089600000| Updating 
| 151|0x0000000089700000, 0x0000000089800000, 0x0000000089800000|100%| O|  |TAMS 0x0000000089800000, 0x0000000089700000| Updating 
| 152|0x0000000089800000, 0x0000000089900000, 0x0000000089900000|100%| O|  |TAMS 0x0000000089900000, 0x0000000089800000| Updating 
| 153|0x0000000089900000, 0x0000000089a00000, 0x0000000089a00000|100%| O|  |TAMS 0x0000000089a00000, 0x0000000089900000| Updating 
| 154|0x0000000089a00000, 0x0000000089b00000, 0x0000000089b00000|100%|HS|  |TAMS 0x0000000089b00000, 0x0000000089a00000| Complete 
| 155|0x0000000089b00000, 0x0000000089c00000, 0x0000000089c00000|100%|HS|  |TAMS 0x0000000089c00000, 0x0000000089b00000| Complete 
| 156|0x0000000089c00000, 0x0000000089d00000, 0x0000000089d00000|100%|HS|  |TAMS 0x0000000089d00000, 0x0000000089c00000| Complete 
| 157|0x0000000089d00000, 0x0000000089e00000, 0x0000000089e00000|100%| O|  |TAMS 0x0000000089e00000, 0x0000000089d00000| Untracked 
| 158|0x0000000089e00000, 0x0000000089f00000, 0x0000000089f00000|100%| O|  |TAMS 0x0000000089f00000, 0x0000000089e00000| Updating 
| 159|0x0000000089f00000, 0x000000008a000000, 0x000000008a000000|100%| O|  |TAMS 0x000000008a000000, 0x0000000089f00000| Updating 
| 160|0x000000008a000000, 0x000000008a100000, 0x000000008a100000|100%| O|  |TAMS 0x000000008a100000, 0x000000008a000000| Untracked 
| 161|0x000000008a100000, 0x000000008a200000, 0x000000008a200000|100%| O|  |TAMS 0x000000008a200000, 0x000000008a100000| Untracked 
| 162|0x000000008a200000, 0x000000008a300000, 0x000000008a300000|100%| O|  |TAMS 0x000000008a300000, 0x000000008a200000| Untracked 
| 163|0x000000008a300000, 0x000000008a400000, 0x000000008a400000|100%| O|  |TAMS 0x000000008a400000, 0x000000008a300000| Updating 
| 164|0x000000008a400000, 0x000000008a500000, 0x000000008a500000|100%| O|  |TAMS 0x000000008a500000, 0x000000008a400000| Updating 
| 165|0x000000008a500000, 0x000000008a600000, 0x000000008a600000|100%| O|  |TAMS 0x000000008a600000, 0x000000008a500000| Updating 
| 166|0x000000008a600000, 0x000000008a700000, 0x000000008a700000|100%| O|  |TAMS 0x000000008a700000, 0x000000008a600000| Updating 
| 167|0x000000008a700000, 0x000000008a800000, 0x000000008a800000|100%| O|  |TAMS 0x000000008a800000, 0x000000008a700000| Updating 
| 168|0x000000008a800000, 0x000000008a900000, 0x000000008a900000|100%| O|  |TAMS 0x000000008a900000, 0x000000008a800000| Updating 
| 169|0x000000008a900000, 0x000000008aa00000, 0x000000008aa00000|100%| O|  |TAMS 0x000000008aa00000, 0x000000008a900000| Updating 
| 170|0x000000008aa00000, 0x000000008ab00000, 0x000000008ab00000|100%| O|  |TAMS 0x000000008ab00000, 0x000000008aa00000| Updating 
| 171|0x000000008ab00000, 0x000000008ac00000, 0x000000008ac00000|100%| O|  |TAMS 0x000000008ac00000, 0x000000008ab00000| Updating 
| 172|0x000000008ac00000, 0x000000008ad00000, 0x000000008ad00000|100%| O|  |TAMS 0x000000008ad00000, 0x000000008ac00000| Updating 
| 173|0x000000008ad00000, 0x000000008ae00000, 0x000000008ae00000|100%|HS|  |TAMS 0x000000008ae00000, 0x000000008ad00000| Complete 
| 174|0x000000008ae00000, 0x000000008af00000, 0x000000008af00000|100%| O|  |TAMS 0x000000008af00000, 0x000000008ae00000| Updating 
| 175|0x000000008af00000, 0x000000008b000000, 0x000000008b000000|100%| O|  |TAMS 0x000000008b000000, 0x000000008af00000| Untracked 
| 176|0x000000008b000000, 0x000000008b100000, 0x000000008b100000|100%| O|  |TAMS 0x000000008b100000, 0x000000008b000000| Updating 
| 177|0x000000008b100000, 0x000000008b200000, 0x000000008b200000|100%| O|  |TAMS 0x000000008b200000, 0x000000008b100000| Updating 
| 178|0x000000008b200000, 0x000000008b300000, 0x000000008b300000|100%| O|  |TAMS 0x000000008b300000, 0x000000008b200000| Updating 
| 179|0x000000008b300000, 0x000000008b400000, 0x000000008b400000|100%| O|  |TAMS 0x000000008b400000, 0x000000008b300000| Updating 
| 180|0x000000008b400000, 0x000000008b500000, 0x000000008b500000|100%| O|  |TAMS 0x000000008b500000, 0x000000008b400000| Updating 
| 181|0x000000008b500000, 0x000000008b600000, 0x000000008b600000|100%| O|  |TAMS 0x000000008b600000, 0x000000008b500000| Untracked 
| 182|0x000000008b600000, 0x000000008b700000, 0x000000008b700000|100%| O|  |TAMS 0x000000008b700000, 0x000000008b600000| Updating 
| 183|0x000000008b700000, 0x000000008b800000, 0x000000008b800000|100%| O|  |TAMS 0x000000008b800000, 0x000000008b700000| Untracked 
| 184|0x000000008b800000, 0x000000008b900000, 0x000000008b900000|100%| O|  |TAMS 0x000000008b900000, 0x000000008b800000| Updating 
| 185|0x000000008b900000, 0x000000008ba00000, 0x000000008ba00000|100%| O|  |TAMS 0x000000008ba00000, 0x000000008b900000| Updating 
| 186|0x000000008ba00000, 0x000000008bb00000, 0x000000008bb00000|100%| O|  |TAMS 0x000000008bb00000, 0x000000008ba00000| Updating 
| 187|0x000000008bb00000, 0x000000008bc00000, 0x000000008bc00000|100%| O|  |TAMS 0x000000008bc00000, 0x000000008bb00000| Updating 
| 188|0x000000008bc00000, 0x000000008bd00000, 0x000000008bd00000|100%| O|  |TAMS 0x000000008bd00000, 0x000000008bc00000| Updating 
| 189|0x000000008bd00000, 0x000000008be00000, 0x000000008be00000|100%| O|  |TAMS 0x000000008be00000, 0x000000008bd00000| Updating 
| 190|0x000000008be00000, 0x000000008bf00000, 0x000000008bf00000|100%| O|  |TAMS 0x000000008bf00000, 0x000000008be00000| Updating 
| 191|0x000000008bf00000, 0x000000008c000000, 0x000000008c000000|100%| O|  |TAMS 0x000000008c000000, 0x000000008bf00000| Updating 
| 192|0x000000008c000000, 0x000000008c100000, 0x000000008c100000|100%| O|  |TAMS 0x000000008c100000, 0x000000008c000000| Updating 
| 193|0x000000008c100000, 0x000000008c200000, 0x000000008c200000|100%| O|  |TAMS 0x000000008c200000, 0x000000008c100000| Updating 
| 194|0x000000008c200000, 0x000000008c300000, 0x000000008c300000|100%| O|  |TAMS 0x000000008c300000, 0x000000008c200000| Updating 
| 195|0x000000008c300000, 0x000000008c400000, 0x000000008c400000|100%| O|  |TAMS 0x000000008c400000, 0x000000008c300000| Updating 
| 196|0x000000008c400000, 0x000000008c500000, 0x000000008c500000|100%| O|  |TAMS 0x000000008c500000, 0x000000008c400000| Updating 
| 197|0x000000008c500000, 0x000000008c600000, 0x000000008c600000|100%|HS|  |TAMS 0x000000008c600000, 0x000000008c500000| Complete 
| 198|0x000000008c600000, 0x000000008c700000, 0x000000008c700000|100%|HS|  |TAMS 0x000000008c700000, 0x000000008c600000| Complete 
| 199|0x000000008c700000, 0x000000008c800000, 0x000000008c800000|100%|HS|  |TAMS 0x000000008c800000, 0x000000008c700000| Complete 
| 200|0x000000008c800000, 0x000000008c900000, 0x000000008c900000|100%| O|  |TAMS 0x000000008c900000, 0x000000008c800000| Updating 
| 201|0x000000008c900000, 0x000000008ca00000, 0x000000008ca00000|100%| O|  |TAMS 0x000000008ca00000, 0x000000008c900000| Updating 
| 202|0x000000008ca00000, 0x000000008cb00000, 0x000000008cb00000|100%| O|  |TAMS 0x000000008cb00000, 0x000000008ca00000| Updating 
| 203|0x000000008cb00000, 0x000000008cc00000, 0x000000008cc00000|100%| O|  |TAMS 0x000000008cc00000, 0x000000008cb00000| Updating 
| 204|0x000000008cc00000, 0x000000008cd00000, 0x000000008cd00000|100%| O|  |TAMS 0x000000008cd00000, 0x000000008cc00000| Updating 
| 205|0x000000008cd00000, 0x000000008ce00000, 0x000000008ce00000|100%| O|  |TAMS 0x000000008ce00000, 0x000000008cd00000| Untracked 
| 206|0x000000008ce00000, 0x000000008cf00000, 0x000000008cf00000|100%| O|  |TAMS 0x000000008cf00000, 0x000000008ce00000| Untracked 
| 207|0x000000008cf00000, 0x000000008d000000, 0x000000008d000000|100%| O|  |TAMS 0x000000008d000000, 0x000000008cf00000| Updating 
| 208|0x000000008d000000, 0x000000008d100000, 0x000000008d100000|100%| O|  |TAMS 0x000000008d100000, 0x000000008d000000| Updating 
| 209|0x000000008d100000, 0x000000008d200000, 0x000000008d200000|100%| O|  |TAMS 0x000000008d200000, 0x000000008d100000| Updating 
| 210|0x000000008d200000, 0x000000008d300000, 0x000000008d300000|100%| O|  |TAMS 0x000000008d300000, 0x000000008d200000| Updating 
| 211|0x000000008d300000, 0x000000008d400000, 0x000000008d400000|100%| O|  |TAMS 0x000000008d400000, 0x000000008d300000| Updating 
| 212|0x000000008d400000, 0x000000008d500000, 0x000000008d500000|100%| O|  |TAMS 0x000000008d500000, 0x000000008d400000| Updating 
| 213|0x000000008d500000, 0x000000008d600000, 0x000000008d600000|100%| O|  |TAMS 0x000000008d600000, 0x000000008d500000| Updating 
| 214|0x000000008d600000, 0x000000008d700000, 0x000000008d700000|100%| O|  |TAMS 0x000000008d700000, 0x000000008d600000| Updating 
| 215|0x000000008d700000, 0x000000008d800000, 0x000000008d800000|100%| O|  |TAMS 0x000000008d800000, 0x000000008d700000| Updating 
| 216|0x000000008d800000, 0x000000008d900000, 0x000000008d900000|100%| O|  |TAMS 0x000000008d900000, 0x000000008d800000| Updating 
| 217|0x000000008d900000, 0x000000008da00000, 0x000000008da00000|100%| O|  |TAMS 0x000000008da00000, 0x000000008d900000| Updating 
| 218|0x000000008da00000, 0x000000008db00000, 0x000000008db00000|100%| O|  |TAMS 0x000000008db00000, 0x000000008da00000| Updating 
| 219|0x000000008db00000, 0x000000008dc00000, 0x000000008dc00000|100%| O|  |TAMS 0x000000008dc00000, 0x000000008db00000| Updating 
| 220|0x000000008dc00000, 0x000000008dd00000, 0x000000008dd00000|100%| O|  |TAMS 0x000000008dd00000, 0x000000008dc00000| Updating 
| 221|0x000000008dd00000, 0x000000008de00000, 0x000000008de00000|100%| O|  |TAMS 0x000000008de00000, 0x000000008dd00000| Updating 
| 222|0x000000008de00000, 0x000000008df00000, 0x000000008df00000|100%| O|  |TAMS 0x000000008df00000, 0x000000008de00000| Updating 
| 223|0x000000008df00000, 0x000000008e000000, 0x000000008e000000|100%| O|  |TAMS 0x000000008e000000, 0x000000008df00000| Updating 
| 224|0x000000008e000000, 0x000000008e100000, 0x000000008e100000|100%| O|  |TAMS 0x000000008e100000, 0x000000008e000000| Updating 
| 225|0x000000008e100000, 0x000000008e200000, 0x000000008e200000|100%| O|  |TAMS 0x000000008e200000, 0x000000008e100000| Updating 
| 226|0x000000008e200000, 0x000000008e300000, 0x000000008e300000|100%| O|  |TAMS 0x000000008e300000, 0x000000008e200000| Updating 
| 227|0x000000008e300000, 0x000000008e400000, 0x000000008e400000|100%| O|  |TAMS 0x000000008e400000, 0x000000008e300000| Updating 
| 228|0x000000008e400000, 0x000000008e500000, 0x000000008e500000|100%| O|  |TAMS 0x000000008e500000, 0x000000008e400000| Updating 
| 229|0x000000008e500000, 0x000000008e600000, 0x000000008e600000|100%| O|  |TAMS 0x000000008e600000, 0x000000008e500000| Updating 
| 230|0x000000008e600000, 0x000000008e700000, 0x000000008e700000|100%| O|  |TAMS 0x000000008e700000, 0x000000008e600000| Updating 
| 231|0x000000008e700000, 0x000000008e800000, 0x000000008e800000|100%| O|  |TAMS 0x000000008e800000, 0x000000008e700000| Updating 
| 232|0x000000008e800000, 0x000000008e900000, 0x000000008e900000|100%| O|  |TAMS 0x000000008e900000, 0x000000008e800000| Updating 
| 233|0x000000008e900000, 0x000000008ea00000, 0x000000008ea00000|100%| O|  |TAMS 0x000000008ea00000, 0x000000008e900000| Updating 
| 234|0x000000008ea00000, 0x000000008eb00000, 0x000000008eb00000|100%| O|  |TAMS 0x000000008eb00000, 0x000000008ea00000| Updating 
| 235|0x000000008eb00000, 0x000000008ec00000, 0x000000008ec00000|100%| O|  |TAMS 0x000000008ec00000, 0x000000008eb00000| Updating 
| 236|0x000000008ec00000, 0x000000008ed00000, 0x000000008ed00000|100%| O|  |TAMS 0x000000008ed00000, 0x000000008ec00000| Updating 
| 237|0x000000008ed00000, 0x000000008ee00000, 0x000000008ee00000|100%| O|  |TAMS 0x000000008ee00000, 0x000000008ed00000| Updating 
| 238|0x000000008ee00000, 0x000000008ef00000, 0x000000008ef00000|100%| O|  |TAMS 0x000000008ef00000, 0x000000008ee00000| Updating 
| 239|0x000000008ef00000, 0x000000008f000000, 0x000000008f000000|100%| O|  |TAMS 0x000000008f000000, 0x000000008ef00000| Updating 
| 240|0x000000008f000000, 0x000000008f100000, 0x000000008f100000|100%| O|  |TAMS 0x000000008f100000, 0x000000008f000000| Updating 
| 241|0x000000008f100000, 0x000000008f200000, 0x000000008f200000|100%| O|  |TAMS 0x000000008f200000, 0x000000008f100000| Updating 
| 242|0x000000008f200000, 0x000000008f300000, 0x000000008f300000|100%| O|  |TAMS 0x000000008f300000, 0x000000008f200000| Updating 
| 243|0x000000008f300000, 0x000000008f400000, 0x000000008f400000|100%| O|  |TAMS 0x000000008f400000, 0x000000008f300000| Updating 
| 244|0x000000008f400000, 0x000000008f500000, 0x000000008f500000|100%| O|  |TAMS 0x000000008f500000, 0x000000008f400000| Updating 
| 245|0x000000008f500000, 0x000000008f600000, 0x000000008f600000|100%| O|  |TAMS 0x000000008f600000, 0x000000008f500000| Updating 
| 246|0x000000008f600000, 0x000000008f700000, 0x000000008f700000|100%| O|  |TAMS 0x000000008f700000, 0x000000008f600000| Updating 
| 247|0x000000008f700000, 0x000000008f800000, 0x000000008f800000|100%| O|  |TAMS 0x000000008f800000, 0x000000008f700000| Updating 
| 248|0x000000008f800000, 0x000000008f900000, 0x000000008f900000|100%| O|  |TAMS 0x000000008f900000, 0x000000008f800000| Updating 
| 249|0x000000008f900000, 0x000000008fa00000, 0x000000008fa00000|100%| O|  |TAMS 0x000000008fa00000, 0x000000008f900000| Updating 
| 250|0x000000008fa00000, 0x000000008fb00000, 0x000000008fb00000|100%| O|  |TAMS 0x000000008fb00000, 0x000000008fa00000| Updating 
| 251|0x000000008fb00000, 0x000000008fc00000, 0x000000008fc00000|100%| O|  |TAMS 0x000000008fc00000, 0x000000008fb00000| Updating 
| 252|0x000000008fc00000, 0x000000008fd00000, 0x000000008fd00000|100%| O|  |TAMS 0x000000008fd00000, 0x000000008fc00000| Updating 
| 253|0x000000008fd00000, 0x000000008fe00000, 0x000000008fe00000|100%| O|  |TAMS 0x000000008fe00000, 0x000000008fd00000| Updating 
| 254|0x000000008fe00000, 0x000000008ff00000, 0x000000008ff00000|100%| O|  |TAMS 0x000000008ff00000, 0x000000008fe00000| Updating 
| 255|0x000000008ff00000, 0x0000000090000000, 0x0000000090000000|100%| O|  |TAMS 0x0000000090000000, 0x000000008ff00000| Updating 
| 256|0x0000000090000000, 0x0000000090100000, 0x0000000090100000|100%| O|  |TAMS 0x0000000090100000, 0x0000000090000000| Updating 
| 257|0x0000000090100000, 0x0000000090200000, 0x0000000090200000|100%| O|  |TAMS 0x0000000090200000, 0x0000000090100000| Updating 
| 258|0x0000000090200000, 0x0000000090300000, 0x0000000090300000|100%| O|  |TAMS 0x0000000090300000, 0x0000000090200000| Updating 
| 259|0x0000000090300000, 0x0000000090400000, 0x0000000090400000|100%| O|  |TAMS 0x0000000090400000, 0x0000000090300000| Untracked 
| 260|0x0000000090400000, 0x0000000090500000, 0x0000000090500000|100%| O|  |TAMS 0x0000000090500000, 0x0000000090400000| Updating 
| 261|0x0000000090500000, 0x0000000090600000, 0x0000000090600000|100%| O|  |TAMS 0x0000000090600000, 0x0000000090500000| Updating 
| 262|0x0000000090600000, 0x0000000090700000, 0x0000000090700000|100%| O|  |TAMS 0x0000000090700000, 0x0000000090600000| Updating 
| 263|0x0000000090700000, 0x0000000090800000, 0x0000000090800000|100%| O|  |TAMS 0x0000000090800000, 0x0000000090700000| Updating 
| 264|0x0000000090800000, 0x0000000090900000, 0x0000000090900000|100%| O|  |TAMS 0x0000000090900000, 0x0000000090800000| Updating 
| 265|0x0000000090900000, 0x0000000090a00000, 0x0000000090a00000|100%| O|  |TAMS 0x0000000090a00000, 0x0000000090900000| Updating 
| 266|0x0000000090a00000, 0x0000000090b00000, 0x0000000090b00000|100%| O|  |TAMS 0x0000000090b00000, 0x0000000090a00000| Updating 
| 267|0x0000000090b00000, 0x0000000090c00000, 0x0000000090c00000|100%| O|  |TAMS 0x0000000090c00000, 0x0000000090b00000| Updating 
| 268|0x0000000090c00000, 0x0000000090d00000, 0x0000000090d00000|100%| O|  |TAMS 0x0000000090d00000, 0x0000000090c00000| Updating 
| 269|0x0000000090d00000, 0x0000000090e00000, 0x0000000090e00000|100%| O|  |TAMS 0x0000000090e00000, 0x0000000090d00000| Untracked 
| 270|0x0000000090e00000, 0x0000000090f00000, 0x0000000090f00000|100%| O|  |TAMS 0x0000000090f00000, 0x0000000090e00000| Untracked 
| 271|0x0000000090f00000, 0x0000000091000000, 0x0000000091000000|100%| O|  |TAMS 0x0000000091000000, 0x0000000090f00000| Updating 
| 272|0x0000000091000000, 0x0000000091100000, 0x0000000091100000|100%| O|  |TAMS 0x0000000091100000, 0x0000000091000000| Updating 
| 273|0x0000000091100000, 0x0000000091200000, 0x0000000091200000|100%| O|  |TAMS 0x0000000091200000, 0x0000000091100000| Untracked 
| 274|0x0000000091200000, 0x0000000091300000, 0x0000000091300000|100%| O|  |TAMS 0x0000000091300000, 0x0000000091200000| Untracked 
| 275|0x0000000091300000, 0x0000000091400000, 0x0000000091400000|100%| O|  |TAMS 0x0000000091400000, 0x0000000091300000| Updating 
| 276|0x0000000091400000, 0x0000000091500000, 0x0000000091500000|100%| O|  |TAMS 0x0000000091500000, 0x0000000091400000| Untracked 
| 277|0x0000000091500000, 0x0000000091600000, 0x0000000091600000|100%| O|  |TAMS 0x0000000091600000, 0x0000000091500000| Untracked 
| 278|0x0000000091600000, 0x0000000091700000, 0x0000000091700000|100%| O|  |TAMS 0x0000000091700000, 0x0000000091600000| Untracked 
| 279|0x0000000091700000, 0x0000000091800000, 0x0000000091800000|100%| O|  |TAMS 0x0000000091800000, 0x0000000091700000| Untracked 
| 280|0x0000000091800000, 0x0000000091900000, 0x0000000091900000|100%| O|  |TAMS 0x0000000091900000, 0x0000000091800000| Updating 
| 281|0x0000000091900000, 0x0000000091a00000, 0x0000000091a00000|100%| O|  |TAMS 0x0000000091a00000, 0x0000000091900000| Updating 
| 282|0x0000000091a00000, 0x0000000091b00000, 0x0000000091b00000|100%| O|  |TAMS 0x0000000091b00000, 0x0000000091a00000| Untracked 
| 283|0x0000000091b00000, 0x0000000091c00000, 0x0000000091c00000|100%| O|  |TAMS 0x0000000091c00000, 0x0000000091b00000| Untracked 
| 284|0x0000000091c00000, 0x0000000091d00000, 0x0000000091d00000|100%| O|  |TAMS 0x0000000091d00000, 0x0000000091c00000| Untracked 
| 285|0x0000000091d00000, 0x0000000091e00000, 0x0000000091e00000|100%| O|  |TAMS 0x0000000091e00000, 0x0000000091d00000| Untracked 
| 286|0x0000000091e00000, 0x0000000091f00000, 0x0000000091f00000|100%| O|  |TAMS 0x0000000091f00000, 0x0000000091e00000| Untracked 
| 287|0x0000000091f00000, 0x0000000092000000, 0x0000000092000000|100%| O|  |TAMS 0x0000000092000000, 0x0000000091f00000| Untracked 
| 288|0x0000000092000000, 0x0000000092100000, 0x0000000092100000|100%| O|  |TAMS 0x0000000092100000, 0x0000000092000000| Untracked 
| 289|0x0000000092100000, 0x0000000092200000, 0x0000000092200000|100%| O|  |TAMS 0x0000000092200000, 0x0000000092100000| Untracked 
| 290|0x0000000092200000, 0x0000000092300000, 0x0000000092300000|100%| O|  |TAMS 0x0000000092300000, 0x0000000092200000| Updating 
| 291|0x0000000092300000, 0x0000000092400000, 0x0000000092400000|100%| O|  |TAMS 0x0000000092400000, 0x0000000092300000| Untracked 
| 292|0x0000000092400000, 0x0000000092500000, 0x0000000092500000|100%| O|  |TAMS 0x0000000092500000, 0x0000000092400000| Untracked 
| 293|0x0000000092500000, 0x0000000092600000, 0x0000000092600000|100%| O|  |TAMS 0x0000000092600000, 0x0000000092500000| Untracked 
| 294|0x0000000092600000, 0x0000000092700000, 0x0000000092700000|100%| O|  |TAMS 0x0000000092700000, 0x0000000092600000| Untracked 
| 295|0x0000000092700000, 0x0000000092800000, 0x0000000092800000|100%| O|  |TAMS 0x0000000092800000, 0x0000000092700000| Untracked 
| 296|0x0000000092800000, 0x0000000092900000, 0x0000000092900000|100%| O|  |TAMS 0x0000000092900000, 0x0000000092800000| Untracked 
| 297|0x0000000092900000, 0x0000000092a00000, 0x0000000092a00000|100%| O|  |TAMS 0x0000000092a00000, 0x0000000092900000| Untracked 
| 298|0x0000000092a00000, 0x0000000092b00000, 0x0000000092b00000|100%| O|  |TAMS 0x0000000092b00000, 0x0000000092a00000| Untracked 
| 299|0x0000000092b00000, 0x0000000092c00000, 0x0000000092c00000|100%| O|  |TAMS 0x0000000092c00000, 0x0000000092b00000| Untracked 
| 300|0x0000000092c00000, 0x0000000092d00000, 0x0000000092d00000|100%| O|  |TAMS 0x0000000092d00000, 0x0000000092c00000| Updating 
| 301|0x0000000092d00000, 0x0000000092e00000, 0x0000000092e00000|100%| O|  |TAMS 0x0000000092e00000, 0x0000000092d00000| Updating 
| 302|0x0000000092e00000, 0x0000000092f00000, 0x0000000092f00000|100%| O|  |TAMS 0x0000000092f00000, 0x0000000092e00000| Untracked 
| 303|0x0000000092f00000, 0x0000000093000000, 0x0000000093000000|100%| O|  |TAMS 0x0000000093000000, 0x0000000092f00000| Untracked 
| 304|0x0000000093000000, 0x0000000093100000, 0x0000000093100000|100%| O|  |TAMS 0x0000000093100000, 0x0000000093000000| Updating 
| 305|0x0000000093100000, 0x0000000093200000, 0x0000000093200000|100%| O|  |TAMS 0x0000000093200000, 0x0000000093100000| Untracked 
| 306|0x0000000093200000, 0x0000000093300000, 0x0000000093300000|100%| O|  |TAMS 0x0000000093300000, 0x0000000093200000| Untracked 
| 307|0x0000000093300000, 0x0000000093400000, 0x0000000093400000|100%| O|  |TAMS 0x0000000093400000, 0x0000000093300000| Untracked 
| 308|0x0000000093400000, 0x0000000093500000, 0x0000000093500000|100%| O|  |TAMS 0x0000000093500000, 0x0000000093400000| Untracked 
| 309|0x0000000093500000, 0x0000000093600000, 0x0000000093600000|100%| O|  |TAMS 0x0000000093600000, 0x0000000093500000| Untracked 
| 310|0x0000000093600000, 0x0000000093700000, 0x0000000093700000|100%| O|  |TAMS 0x0000000093700000, 0x0000000093600000| Untracked 
| 311|0x0000000093700000, 0x0000000093800000, 0x0000000093800000|100%| O|  |TAMS 0x0000000093800000, 0x0000000093700000| Updating 
| 312|0x0000000093800000, 0x0000000093900000, 0x0000000093900000|100%| O|  |TAMS 0x0000000093900000, 0x0000000093800000| Updating 
| 313|0x0000000093900000, 0x0000000093a00000, 0x0000000093a00000|100%| O|  |TAMS 0x0000000093a00000, 0x0000000093900000| Updating 
| 314|0x0000000093a00000, 0x0000000093b00000, 0x0000000093b00000|100%| O|  |TAMS 0x0000000093b00000, 0x0000000093a00000| Untracked 
| 315|0x0000000093b00000, 0x0000000093c00000, 0x0000000093c00000|100%| O|  |TAMS 0x0000000093c00000, 0x0000000093b00000| Untracked 
| 316|0x0000000093c00000, 0x0000000093d00000, 0x0000000093d00000|100%| O|  |TAMS 0x0000000093d00000, 0x0000000093c00000| Untracked 
| 317|0x0000000093d00000, 0x0000000093e00000, 0x0000000093e00000|100%| O|  |TAMS 0x0000000093e00000, 0x0000000093d00000| Untracked 
| 318|0x0000000093e00000, 0x0000000093f00000, 0x0000000093f00000|100%| O|  |TAMS 0x0000000093f00000, 0x0000000093e00000| Untracked 
| 319|0x0000000093f00000, 0x0000000094000000, 0x0000000094000000|100%| O|  |TAMS 0x0000000094000000, 0x0000000093f00000| Untracked 
| 320|0x0000000094000000, 0x0000000094100000, 0x0000000094100000|100%| O|  |TAMS 0x0000000094100000, 0x0000000094000000| Untracked 
| 321|0x0000000094100000, 0x0000000094200000, 0x0000000094200000|100%| O|  |TAMS 0x0000000094200000, 0x0000000094100000| Updating 
| 322|0x0000000094200000, 0x0000000094300000, 0x0000000094300000|100%| O|  |TAMS 0x0000000094300000, 0x0000000094200000| Updating 
| 323|0x0000000094300000, 0x0000000094400000, 0x0000000094400000|100%| O|  |TAMS 0x0000000094400000, 0x0000000094300000| Untracked 
| 324|0x0000000094400000, 0x0000000094500000, 0x0000000094500000|100%| O|  |TAMS 0x0000000094500000, 0x0000000094400000| Untracked 
| 325|0x0000000094500000, 0x0000000094600000, 0x0000000094600000|100%| O|  |TAMS 0x0000000094600000, 0x0000000094500000| Untracked 
| 326|0x0000000094600000, 0x0000000094700000, 0x0000000094700000|100%| O|  |TAMS 0x0000000094700000, 0x0000000094600000| Untracked 
| 327|0x0000000094700000, 0x0000000094800000, 0x0000000094800000|100%| O|  |TAMS 0x0000000094800000, 0x0000000094700000| Untracked 
| 328|0x0000000094800000, 0x0000000094900000, 0x0000000094900000|100%| O|  |TAMS 0x0000000094900000, 0x0000000094800000| Untracked 
| 329|0x0000000094900000, 0x0000000094a00000, 0x0000000094a00000|100%| O|  |TAMS 0x0000000094a00000, 0x0000000094900000| Updating 
| 330|0x0000000094a00000, 0x0000000094b00000, 0x0000000094b00000|100%| O|  |TAMS 0x0000000094b00000, 0x0000000094a00000| Updating 
| 331|0x0000000094b00000, 0x0000000094c00000, 0x0000000094c00000|100%| O|  |TAMS 0x0000000094c00000, 0x0000000094b00000| Updating 
| 332|0x0000000094c00000, 0x0000000094d00000, 0x0000000094d00000|100%| O|  |TAMS 0x0000000094d00000, 0x0000000094c00000| Updating 
| 333|0x0000000094d00000, 0x0000000094e00000, 0x0000000094e00000|100%| O|  |TAMS 0x0000000094e00000, 0x0000000094d00000| Untracked 
| 334|0x0000000094e00000, 0x0000000094f00000, 0x0000000094f00000|100%| O|  |TAMS 0x0000000094f00000, 0x0000000094e00000| Untracked 
| 335|0x0000000094f00000, 0x0000000095000000, 0x0000000095000000|100%| O|  |TAMS 0x0000000095000000, 0x0000000094f00000| Untracked 
| 336|0x0000000095000000, 0x0000000095100000, 0x0000000095100000|100%| O|  |TAMS 0x0000000095100000, 0x0000000095000000| Untracked 
| 337|0x0000000095100000, 0x0000000095200000, 0x0000000095200000|100%| O|  |TAMS 0x0000000095200000, 0x0000000095100000| Untracked 
| 338|0x0000000095200000, 0x0000000095300000, 0x0000000095300000|100%| O|  |TAMS 0x0000000095300000, 0x0000000095200000| Updating 
| 339|0x0000000095300000, 0x0000000095400000, 0x0000000095400000|100%| O|  |TAMS 0x0000000095400000, 0x0000000095300000| Untracked 
| 340|0x0000000095400000, 0x0000000095500000, 0x0000000095500000|100%| O|  |TAMS 0x0000000095500000, 0x0000000095400000| Untracked 
| 341|0x0000000095500000, 0x0000000095600000, 0x0000000095600000|100%| O|  |TAMS 0x0000000095600000, 0x0000000095500000| Untracked 
| 342|0x0000000095600000, 0x0000000095700000, 0x0000000095700000|100%| O|  |TAMS 0x0000000095700000, 0x0000000095600000| Updating 
| 343|0x0000000095700000, 0x0000000095800000, 0x0000000095800000|100%| O|  |TAMS 0x0000000095800000, 0x0000000095700000| Updating 
| 344|0x0000000095800000, 0x0000000095900000, 0x0000000095900000|100%| O|  |TAMS 0x0000000095900000, 0x0000000095800000| Untracked 
| 345|0x0000000095900000, 0x0000000095a00000, 0x0000000095a00000|100%| O|  |TAMS 0x0000000095a00000, 0x0000000095900000| Untracked 
| 346|0x0000000095a00000, 0x0000000095b00000, 0x0000000095b00000|100%| O|  |TAMS 0x0000000095b00000, 0x0000000095a00000| Updating 
| 347|0x0000000095b00000, 0x0000000095c00000, 0x0000000095c00000|100%| O|  |TAMS 0x0000000095c00000, 0x0000000095b00000| Untracked 
| 348|0x0000000095c00000, 0x0000000095d00000, 0x0000000095d00000|100%| O|  |TAMS 0x0000000095d00000, 0x0000000095c00000| Updating 
| 349|0x0000000095d00000, 0x0000000095e00000, 0x0000000095e00000|100%| O|  |TAMS 0x0000000095e00000, 0x0000000095d00000| Updating 
| 350|0x0000000095e00000, 0x0000000095f00000, 0x0000000095f00000|100%| O|  |TAMS 0x0000000095f00000, 0x0000000095e00000| Updating 
| 351|0x0000000095f00000, 0x0000000096000000, 0x0000000096000000|100%| O|  |TAMS 0x0000000096000000, 0x0000000095f00000| Untracked 
| 352|0x0000000096000000, 0x0000000096100000, 0x0000000096100000|100%| O|  |TAMS 0x0000000096100000, 0x0000000096000000| Untracked 
| 353|0x0000000096100000, 0x0000000096200000, 0x0000000096200000|100%| O|  |TAMS 0x0000000096200000, 0x0000000096100000| Updating 
| 354|0x0000000096200000, 0x0000000096300000, 0x0000000096300000|100%| O|  |TAMS 0x0000000096300000, 0x0000000096200000| Updating 
| 355|0x0000000096300000, 0x0000000096400000, 0x0000000096400000|100%| O|  |TAMS 0x0000000096400000, 0x0000000096300000| Untracked 
| 356|0x0000000096400000, 0x0000000096500000, 0x0000000096500000|100%| O|  |TAMS 0x0000000096500000, 0x0000000096400000| Updating 
| 357|0x0000000096500000, 0x0000000096600000, 0x0000000096600000|100%| O|  |TAMS 0x0000000096600000, 0x0000000096500000| Updating 
| 358|0x0000000096600000, 0x0000000096700000, 0x0000000096700000|100%| O|  |TAMS 0x0000000096700000, 0x0000000096600000| Updating 
| 359|0x0000000096700000, 0x0000000096800000, 0x0000000096800000|100%| O|  |TAMS 0x0000000096800000, 0x0000000096700000| Updating 
| 360|0x0000000096800000, 0x0000000096900000, 0x0000000096900000|100%| O|  |TAMS 0x0000000096900000, 0x0000000096800000| Untracked 
| 361|0x0000000096900000, 0x0000000096a00000, 0x0000000096a00000|100%| O|  |TAMS 0x0000000096a00000, 0x0000000096900000| Untracked 
| 362|0x0000000096a00000, 0x0000000096b00000, 0x0000000096b00000|100%| O|  |TAMS 0x0000000096b00000, 0x0000000096a00000| Updating 
| 363|0x0000000096b00000, 0x0000000096c00000, 0x0000000096c00000|100%| O|  |TAMS 0x0000000096c00000, 0x0000000096b00000| Untracked 
| 364|0x0000000096c00000, 0x0000000096d00000, 0x0000000096d00000|100%| O|  |TAMS 0x0000000096ceaa00, 0x0000000096c00000| Updating 
| 365|0x0000000096d00000, 0x0000000096e00000, 0x0000000096e00000|100%| O|  |TAMS 0x0000000096d00000, 0x0000000096d00000| Untracked 
| 366|0x0000000096e00000, 0x0000000096eb7800, 0x0000000096f00000| 71%| O|  |TAMS 0x0000000096e00000, 0x0000000096e00000| Updating 
| 367|0x0000000096f00000, 0x0000000096f00000, 0x0000000097000000|  0%| F|  |TAMS 0x0000000096f00000, 0x0000000096f00000| Untracked 
| 368|0x0000000097000000, 0x0000000097000000, 0x0000000097100000|  0%| F|  |TAMS 0x0000000097000000, 0x0000000097000000| Untracked 
| 369|0x0000000097100000, 0x0000000097100000, 0x0000000097200000|  0%| F|  |TAMS 0x0000000097100000, 0x0000000097100000| Untracked 
| 370|0x0000000097200000, 0x0000000097200000, 0x0000000097300000|  0%| F|  |TAMS 0x0000000097200000, 0x0000000097200000| Untracked 
| 371|0x0000000097300000, 0x0000000097300000, 0x0000000097400000|  0%| F|  |TAMS 0x0000000097300000, 0x0000000097300000| Untracked 
| 372|0x0000000097400000, 0x0000000097400000, 0x0000000097500000|  0%| F|  |TAMS 0x0000000097400000, 0x0000000097400000| Untracked 
| 373|0x0000000097500000, 0x0000000097500000, 0x0000000097600000|  0%| F|  |TAMS 0x0000000097500000, 0x0000000097500000| Untracked 
| 374|0x0000000097600000, 0x0000000097600000, 0x0000000097700000|  0%| F|  |TAMS 0x0000000097600000, 0x0000000097600000| Untracked 
| 375|0x0000000097700000, 0x0000000097700000, 0x0000000097800000|  0%| F|  |TAMS 0x0000000097700000, 0x0000000097700000| Untracked 
| 376|0x0000000097800000, 0x0000000097800000, 0x0000000097900000|  0%| F|  |TAMS 0x0000000097800000, 0x0000000097800000| Untracked 
| 377|0x0000000097900000, 0x0000000097900000, 0x0000000097a00000|  0%| F|  |TAMS 0x0000000097900000, 0x0000000097900000| Untracked 
| 378|0x0000000097a00000, 0x0000000097a00000, 0x0000000097b00000|  0%| F|  |TAMS 0x0000000097a00000, 0x0000000097a00000| Untracked 
| 379|0x0000000097b00000, 0x0000000097b00000, 0x0000000097c00000|  0%| F|  |TAMS 0x0000000097b00000, 0x0000000097b00000| Untracked 
| 380|0x0000000097c00000, 0x0000000097c00000, 0x0000000097d00000|  0%| F|  |TAMS 0x0000000097c00000, 0x0000000097c00000| Untracked 
| 381|0x0000000097d00000, 0x0000000097d00000, 0x0000000097e00000|  0%| F|  |TAMS 0x0000000097d00000, 0x0000000097d00000| Untracked 
| 382|0x0000000097e00000, 0x0000000097e00000, 0x0000000097f00000|  0%| F|  |TAMS 0x0000000097e00000, 0x0000000097e00000| Untracked 
| 383|0x0000000097f00000, 0x0000000097f00000, 0x0000000098000000|  0%| F|  |TAMS 0x0000000097f00000, 0x0000000097f00000| Untracked 
| 384|0x0000000098000000, 0x0000000098000000, 0x0000000098100000|  0%| F|  |TAMS 0x0000000098000000, 0x0000000098000000| Untracked 
| 385|0x0000000098100000, 0x0000000098100000, 0x0000000098200000|  0%| F|  |TAMS 0x0000000098100000, 0x0000000098100000| Untracked 
| 386|0x0000000098200000, 0x0000000098200000, 0x0000000098300000|  0%| F|  |TAMS 0x0000000098200000, 0x0000000098200000| Untracked 
| 387|0x0000000098300000, 0x0000000098300000, 0x0000000098400000|  0%| F|  |TAMS 0x0000000098300000, 0x0000000098300000| Untracked 
| 388|0x0000000098400000, 0x0000000098400000, 0x0000000098500000|  0%| F|  |TAMS 0x0000000098400000, 0x0000000098400000| Untracked 
| 389|0x0000000098500000, 0x0000000098500000, 0x0000000098600000|  0%| F|  |TAMS 0x0000000098500000, 0x0000000098500000| Untracked 
| 390|0x0000000098600000, 0x0000000098600000, 0x0000000098700000|  0%| F|  |TAMS 0x0000000098600000, 0x0000000098600000| Untracked 
| 391|0x0000000098700000, 0x0000000098700000, 0x0000000098800000|  0%| F|  |TAMS 0x0000000098700000, 0x0000000098700000| Untracked 
| 392|0x0000000098800000, 0x0000000098800000, 0x0000000098900000|  0%| F|  |TAMS 0x0000000098800000, 0x0000000098800000| Untracked 
| 393|0x0000000098900000, 0x0000000098900000, 0x0000000098a00000|  0%| F|  |TAMS 0x0000000098900000, 0x0000000098900000| Untracked 
| 394|0x0000000098a00000, 0x0000000098a00000, 0x0000000098b00000|  0%| F|  |TAMS 0x0000000098a00000, 0x0000000098a00000| Untracked 
| 395|0x0000000098b00000, 0x0000000098b00000, 0x0000000098c00000|  0%| F|  |TAMS 0x0000000098b00000, 0x0000000098b00000| Untracked 
| 396|0x0000000098c00000, 0x0000000098c00000, 0x0000000098d00000|  0%| F|  |TAMS 0x0000000098c00000, 0x0000000098c00000| Untracked 
| 397|0x0000000098d00000, 0x0000000098d00000, 0x0000000098e00000|  0%| F|  |TAMS 0x0000000098d00000, 0x0000000098d00000| Untracked 
| 398|0x0000000098e00000, 0x0000000098e00000, 0x0000000098f00000|  0%| F|  |TAMS 0x0000000098e00000, 0x0000000098e00000| Untracked 
| 399|0x0000000098f00000, 0x0000000098f00000, 0x0000000099000000|  0%| F|  |TAMS 0x0000000098f00000, 0x0000000098f00000| Untracked 
| 400|0x0000000099000000, 0x0000000099000000, 0x0000000099100000|  0%| F|  |TAMS 0x0000000099000000, 0x0000000099000000| Untracked 
| 401|0x0000000099100000, 0x0000000099100000, 0x0000000099200000|  0%| F|  |TAMS 0x0000000099100000, 0x0000000099100000| Untracked 
| 402|0x0000000099200000, 0x00000000992ff2b8, 0x0000000099300000| 99%| S|CS|TAMS 0x0000000099200000, 0x0000000099200000| Complete 
| 403|0x0000000099300000, 0x0000000099400000, 0x0000000099400000|100%| S|CS|TAMS 0x0000000099300000, 0x0000000099300000| Complete 
| 404|0x0000000099400000, 0x0000000099400000, 0x0000000099500000|  0%| F|  |TAMS 0x0000000099400000, 0x0000000099400000| Untracked 
| 405|0x0000000099500000, 0x0000000099500000, 0x0000000099600000|  0%| F|  |TAMS 0x0000000099500000, 0x0000000099500000| Untracked 
| 406|0x0000000099600000, 0x0000000099600000, 0x0000000099700000|  0%| F|  |TAMS 0x0000000099600000, 0x0000000099600000| Untracked 
| 407|0x0000000099700000, 0x0000000099700000, 0x0000000099800000|  0%| F|  |TAMS 0x0000000099700000, 0x0000000099700000| Untracked 
| 408|0x0000000099800000, 0x0000000099800000, 0x0000000099900000|  0%| F|  |TAMS 0x0000000099800000, 0x0000000099800000| Untracked 
| 409|0x0000000099900000, 0x0000000099900000, 0x0000000099a00000|  0%| F|  |TAMS 0x0000000099900000, 0x0000000099900000| Untracked 
| 410|0x0000000099a00000, 0x0000000099a00000, 0x0000000099b00000|  0%| F|  |TAMS 0x0000000099a00000, 0x0000000099a00000| Untracked 
| 411|0x0000000099b00000, 0x0000000099b00000, 0x0000000099c00000|  0%| F|  |TAMS 0x0000000099b00000, 0x0000000099b00000| Untracked 
| 412|0x0000000099c00000, 0x0000000099c00000, 0x0000000099d00000|  0%| F|  |TAMS 0x0000000099c00000, 0x0000000099c00000| Untracked 
| 413|0x0000000099d00000, 0x0000000099d00000, 0x0000000099e00000|  0%| F|  |TAMS 0x0000000099d00000, 0x0000000099d00000| Untracked 
| 414|0x0000000099e00000, 0x0000000099e00000, 0x0000000099f00000|  0%| F|  |TAMS 0x0000000099e00000, 0x0000000099e00000| Untracked 
| 415|0x0000000099f00000, 0x0000000099f00000, 0x000000009a000000|  0%| F|  |TAMS 0x0000000099f00000, 0x0000000099f00000| Untracked 
| 416|0x000000009a000000, 0x000000009a000000, 0x000000009a100000|  0%| F|  |TAMS 0x000000009a000000, 0x000000009a000000| Untracked 
| 417|0x000000009a100000, 0x000000009a100000, 0x000000009a200000|  0%| F|  |TAMS 0x000000009a100000, 0x000000009a100000| Untracked 
| 418|0x000000009a200000, 0x000000009a200000, 0x000000009a300000|  0%| F|  |TAMS 0x000000009a200000, 0x000000009a200000| Untracked 
| 419|0x000000009a300000, 0x000000009a300000, 0x000000009a400000|  0%| F|  |TAMS 0x000000009a300000, 0x000000009a300000| Untracked 
| 420|0x000000009a400000, 0x000000009a46d4c0, 0x000000009a500000| 42%| E|  |TAMS 0x000000009a400000, 0x000000009a400000| Complete 
| 421|0x000000009a500000, 0x000000009a600000, 0x000000009a600000|100%| E|CS|TAMS 0x000000009a500000, 0x000000009a500000| Complete 
| 422|0x000000009a600000, 0x000000009a700000, 0x000000009a700000|100%| E|CS|TAMS 0x000000009a600000, 0x000000009a600000| Complete 
| 423|0x000000009a700000, 0x000000009a800000, 0x000000009a800000|100%| E|CS|TAMS 0x000000009a700000, 0x000000009a700000| Complete 
| 424|0x000000009a800000, 0x000000009a900000, 0x000000009a900000|100%| E|CS|TAMS 0x000000009a800000, 0x000000009a800000| Complete 

Card table byte_map: [0x000001c971610000,0x000001c971a10000] _byte_map_base: 0x000001c971210000

Marking Bits (Prev, Next): (CMBitMap*) 0x000001c95859b1d0, (CMBitMap*) 0x000001c95859b210
 Prev Bits: [0x000001c971e10000, 0x000001c973e10000)
 Next Bits: [0x000001c973e10000, 0x000001c975e10000)

Polling page: 0x000001c958450000

Metaspace:

Usage:
  Non-class:    106.76 MB used.
      Class:     16.82 MB used.
       Both:    123.59 MB used.

Virtual space:
  Non-class space:      128.00 MB reserved,     108.00 MB ( 84%) committed,  2 nodes.
      Class space:      416.00 MB reserved,      17.81 MB (  4%) committed,  1 nodes.
             Both:      544.00 MB reserved,     125.81 MB ( 23%) committed. 

Chunk freelists:
   Non-Class:  3.16 MB
       Class:  14.22 MB
        Both:  17.38 MB

MaxMetaspaceSize: 512.00 MB
CompressedClassSpaceSize: 416.00 MB
Initial GC threshold: 21.00 MB
Current GC threshold: 191.81 MB
CDS: on
MetaspaceReclaimPolicy: balanced
 - commit_granule_bytes: 65536.
 - commit_granule_words: 8192.
 - virtual_space_node_default_size: 8388608.
 - enlarge_chunks_in_place: 1.
 - new_chunks_are_fully_committed: 0.
 - uncommit_free_chunks: 1.
 - use_allocation_guard: 0.
 - handle_deallocations: 1.


Internal statistics:

num_allocs_failed_limit: 9.
num_arena_births: 3332.
num_arena_deaths: 50.
num_vsnodes_births: 3.
num_vsnodes_deaths: 0.
num_space_committed: 2012.
num_space_uncommitted: 0.
num_chunks_returned_to_freelist: 66.
num_chunks_taken_from_freelist: 9668.
num_chunk_merges: 25.
num_chunk_splits: 5795.
num_chunks_enlarged: 3059.
num_inconsistent_stats: 0.

CodeHeap 'non-profiled nmethods': size=120000Kb used=17942Kb max_used=17942Kb free=102057Kb
 bounds [0x000001c969ce0000, 0x000001c96ae70000, 0x000001c971210000]
CodeHeap 'profiled nmethods': size=120000Kb used=39664Kb max_used=39664Kb free=80335Kb
 bounds [0x000001c962210000, 0x000001c9648d0000, 0x000001c969740000]
CodeHeap 'non-nmethods': size=5760Kb used=2492Kb max_used=2595Kb free=3267Kb
 bounds [0x000001c969740000, 0x000001c9699e0000, 0x000001c969ce0000]
 total_blobs=22106 nmethods=21066 adapters=949
 compilation: enabled
              stopped_count=0, restarted_count=0
 full_count=0

Compilation events (20 events):
Event: 1706.463 Thread 0x000001c9782e87c0 nmethod 26692 0x000001c9648c9110 code [0x000001c9648c9540, 0x000001c9648cb588]
Event: 1706.463 Thread 0x000001c9782e87c0 26693       3       org.gradle.api.internal.tasks.execution.DescribingAndSpec::findUnsatisfiedSpec (15 bytes)
Event: 1706.464 Thread 0x000001c9782e87c0 nmethod 26693 0x000001c9648cc110 code [0x000001c9648cc2c0, 0x000001c9648cc548]
Event: 1706.464 Thread 0x000001c9782e87c0 26694       3       org.gradle.api.internal.AbstractTask$10::isSatisfiedBy (9 bytes)
Event: 1706.464 Thread 0x000001c9782e87c0 nmethod 26694 0x000001c9648cc690 code [0x000001c9648cc840, 0x000001c9648ccb78]
Event: 1706.464 Thread 0x000001c9782e87c0 26695       3       org.gradle.api.internal.AbstractTask$10::isSatisfiedBy (24 bytes)
Event: 1706.464 Thread 0x000001c9782e87c0 nmethod 26695 0x000001c9648ccc90 code [0x000001c9648cce20, 0x000001c9648ccfd8]
Event: 1706.518 Thread 0x000001c9782e5700 nmethod 26602 0x000001c96ae5ac90 code [0x000001c96ae5b1c0, 0x000001c96ae624b8]
Event: 1706.526 Thread 0x000001c9782e87c0 26696       3       java.nio.file.FileTreeWalker$Event::<init> (9 bytes)
Event: 1706.526 Thread 0x000001c9782e87c0 nmethod 26696 0x000001c9648cd090 code [0x000001c9648cd240, 0x000001c9648cd558]
Event: 1706.559 Thread 0x000001c9782e87c0 26697       3       org.gradle.api.internal.artifacts.ivyservice.resolveengine.excludes.simple.DefaultExcludeEverything::equals (11 bytes)
Event: 1706.560 Thread 0x000001c9782e87c0 nmethod 26697 0x000001c9648cd690 code [0x000001c9648cd820, 0x000001c9648cd978]
Event: 1706.560 Thread 0x000001c9782e5700 26698       4       org.gradle.api.internal.artifacts.DefaultProjectComponentIdentifier::equals (41 bytes)
Event: 1706.562 Thread 0x000001c9782e5700 nmethod 26698 0x000001c96ae64e90 code [0x000001c96ae65020, 0x000001c96ae65148]
Event: 1706.562 Thread 0x000001c9782e5700 26699       4       org.gradle.api.internal.model.DefaultObjectFactory::fileCollection (10 bytes)
Event: 1706.563 Thread 0x000001c9782e87c0 26700       1       org.jetbrains.kotlin.gradle.tasks.AbstractKotlinCompile::getCommonSourceSet$kotlin_gradle_plugin_common (5 bytes)
Event: 1706.563 Thread 0x000001c9782e5700 nmethod 26699 0x000001c96ae65290 code [0x000001c96ae65420, 0x000001c96ae65508]
Event: 1706.564 Thread 0x000001c9782e87c0 nmethod 26700 0x000001c96ae65610 code [0x000001c96ae657a0, 0x000001c96ae65878]
Event: 1706.594 Thread 0x000001c9782e87c0 26701       3       org.gradle.api.internal.artifacts.ivyservice.ShortCircuitingResolutionExecutor$EmptyResults::select (2 bytes)
Event: 1706.595 Thread 0x000001c9782e87c0 nmethod 26701 0x000001c9648cda10 code [0x000001c9648cdba0, 0x000001c9648cdcb8]

GC Heap History (20 events):
Event: 1699.125 GC heap before
{Heap before GC invocations=109 (full 0):
 garbage-first heap   total 435200K, used 375808K [0x0000000080000000, 0x0000000100000000)
  region size 1024K, 23 young (23552K), 5 survivors (5120K)
 Metaspace       used 126140K, committed 128256K, reserved 557056K
  class space    used 17199K, committed 18176K, reserved 425984K
}
Event: 1699.155 GC heap after
{Heap after GC invocations=110 (full 0):
 garbage-first heap   total 435200K, used 361984K [0x0000000080000000, 0x0000000100000000)
  region size 1024K, 3 young (3072K), 3 survivors (3072K)
 Metaspace       used 126140K, committed 128256K, reserved 557056K
  class space    used 17199K, committed 18176K, reserved 425984K
}
Event: 1699.535 GC heap before
{Heap before GC invocations=110 (full 0):
 garbage-first heap   total 435200K, used 380416K [0x0000000080000000, 0x0000000100000000)
  region size 1024K, 21 young (21504K), 3 survivors (3072K)
 Metaspace       used 126159K, committed 128320K, reserved 557056K
  class space    used 17199K, committed 18176K, reserved 425984K
}
Event: 1699.551 GC heap after
{Heap after GC invocations=111 (full 0):
 garbage-first heap   total 435200K, used 365079K [0x0000000080000000, 0x0000000100000000)
  region size 1024K, 3 young (3072K), 3 survivors (3072K)
 Metaspace       used 126159K, committed 128320K, reserved 557056K
  class space    used 17199K, committed 18176K, reserved 425984K
}
Event: 1700.055 GC heap before
{Heap before GC invocations=111 (full 0):
 garbage-first heap   total 435200K, used 383511K [0x0000000080000000, 0x0000000100000000)
  region size 1024K, 21 young (21504K), 3 survivors (3072K)
 Metaspace       used 126191K, committed 128320K, reserved 557056K
  class space    used 17199K, committed 18176K, reserved 425984K
}
Event: 1700.065 GC heap after
{Heap after GC invocations=112 (full 0):
 garbage-first heap   total 435200K, used 367114K [0x0000000080000000, 0x0000000100000000)
  region size 1024K, 3 young (3072K), 3 survivors (3072K)
 Metaspace       used 126191K, committed 128320K, reserved 557056K
  class space    used 17199K, committed 18176K, reserved 425984K
}
Event: 1701.029 GC heap before
{Heap before GC invocations=112 (full 0):
 garbage-first heap   total 435200K, used 385546K [0x0000000080000000, 0x0000000100000000)
  region size 1024K, 21 young (21504K), 3 survivors (3072K)
 Metaspace       used 126219K, committed 128384K, reserved 557056K
  class space    used 17200K, committed 18176K, reserved 425984K
}
Event: 1701.040 GC heap after
{Heap after GC invocations=113 (full 0):
 garbage-first heap   total 435200K, used 368839K [0x0000000080000000, 0x0000000100000000)
  region size 1024K, 3 young (3072K), 3 survivors (3072K)
 Metaspace       used 126219K, committed 128384K, reserved 557056K
  class space    used 17200K, committed 18176K, reserved 425984K
}
Event: 1701.713 GC heap before
{Heap before GC invocations=113 (full 0):
 garbage-first heap   total 435200K, used 387271K [0x0000000080000000, 0x0000000100000000)
  region size 1024K, 21 young (21504K), 3 survivors (3072K)
 Metaspace       used 126257K, committed 128384K, reserved 557056K
  class space    used 17202K, committed 18176K, reserved 425984K
}
Event: 1701.728 GC heap after
{Heap after GC invocations=114 (full 0):
 garbage-first heap   total 435200K, used 371623K [0x0000000080000000, 0x0000000100000000)
  region size 1024K, 3 young (3072K), 3 survivors (3072K)
 Metaspace       used 126257K, committed 128384K, reserved 557056K
  class space    used 17202K, committed 18176K, reserved 425984K
}
Event: 1703.186 GC heap before
{Heap before GC invocations=114 (full 0):
 garbage-first heap   total 435200K, used 389031K [0x0000000080000000, 0x0000000100000000)
  region size 1024K, 21 young (21504K), 3 survivors (3072K)
 Metaspace       used 126345K, committed 128576K, reserved 557056K
  class space    used 17209K, committed 18240K, reserved 425984K
}
Event: 1703.205 GC heap after
{Heap after GC invocations=115 (full 0):
 garbage-first heap   total 435200K, used 373627K [0x0000000080000000, 0x0000000100000000)
  region size 1024K, 2 young (2048K), 2 survivors (2048K)
 Metaspace       used 126345K, committed 128576K, reserved 557056K
  class space    used 17209K, committed 18240K, reserved 425984K
}
Event: 1703.882 GC heap before
{Heap before GC invocations=115 (full 0):
 garbage-first heap   total 435200K, used 392059K [0x0000000080000000, 0x0000000100000000)
  region size 1024K, 21 young (21504K), 2 survivors (2048K)
 Metaspace       used 126433K, committed 128640K, reserved 557056K
  class space    used 17213K, committed 18240K, reserved 425984K
}
Event: 1703.894 GC heap after
{Heap after GC invocations=116 (full 0):
 garbage-first heap   total 435200K, used 374578K [0x0000000080000000, 0x0000000100000000)
  region size 1024K, 1 young (1024K), 1 survivors (1024K)
 Metaspace       used 126433K, committed 128640K, reserved 557056K
  class space    used 17213K, committed 18240K, reserved 425984K
}
Event: 1704.731 GC heap before
{Heap before GC invocations=116 (full 0):
 garbage-first heap   total 435200K, used 395058K [0x0000000080000000, 0x0000000100000000)
  region size 1024K, 21 young (21504K), 1 survivors (1024K)
 Metaspace       used 126534K, committed 128768K, reserved 557056K
  class space    used 17229K, committed 18240K, reserved 425984K
}
Event: 1704.755 GC heap after
{Heap after GC invocations=117 (full 0):
 garbage-first heap   total 435200K, used 375515K [0x0000000080000000, 0x0000000100000000)
  region size 1024K, 2 young (2048K), 2 survivors (2048K)
 Metaspace       used 126534K, committed 128768K, reserved 557056K
  class space    used 17229K, committed 18240K, reserved 425984K
}
Event: 1705.583 GC heap before
{Heap before GC invocations=117 (full 0):
 garbage-first heap   total 435200K, used 394971K [0x0000000080000000, 0x0000000100000000)
  region size 1024K, 21 young (21504K), 2 survivors (2048K)
 Metaspace       used 126552K, committed 128768K, reserved 557056K
  class space    used 17229K, committed 18240K, reserved 425984K
}
Event: 1705.594 GC heap after
{Heap after GC invocations=118 (full 0):
 garbage-first heap   total 435200K, used 376497K [0x0000000080000000, 0x0000000100000000)
  region size 1024K, 2 young (2048K), 2 survivors (2048K)
 Metaspace       used 126552K, committed 128768K, reserved 557056K
  class space    used 17229K, committed 18240K, reserved 425984K
}
Event: 1706.407 GC heap before
{Heap before GC invocations=118 (full 0):
 garbage-first heap   total 435200K, used 395953K [0x0000000080000000, 0x0000000100000000)
  region size 1024K, 21 young (21504K), 2 survivors (2048K)
 Metaspace       used 126600K, committed 128832K, reserved 557056K
  class space    used 17237K, committed 18240K, reserved 425984K
}
Event: 1706.425 GC heap after
{Heap after GC invocations=119 (full 0):
 garbage-first heap   total 435200K, used 377562K [0x0000000080000000, 0x0000000100000000)
  region size 1024K, 2 young (2048K), 2 survivors (2048K)
 Metaspace       used 126600K, committed 128832K, reserved 557056K
  class space    used 17237K, committed 18240K, reserved 425984K
}

Dll operation events (15 events):
Event: 0.021 Loaded shared library C:\Program Files\Microsoft\jdk-17.0.15.6-hotspot\bin\java.dll
Event: 0.089 Loaded shared library C:\Program Files\Microsoft\jdk-17.0.15.6-hotspot\bin\jsvml.dll
Event: 0.205 Loaded shared library C:\Program Files\Microsoft\jdk-17.0.15.6-hotspot\bin\zip.dll
Event: 0.216 Loaded shared library C:\Program Files\Microsoft\jdk-17.0.15.6-hotspot\bin\instrument.dll
Event: 0.223 Loaded shared library C:\Program Files\Microsoft\jdk-17.0.15.6-hotspot\bin\net.dll
Event: 0.226 Loaded shared library C:\Program Files\Microsoft\jdk-17.0.15.6-hotspot\bin\nio.dll
Event: 0.230 Loaded shared library C:\Program Files\Microsoft\jdk-17.0.15.6-hotspot\bin\zip.dll
Event: 1.013 Loaded shared library C:\Program Files\Microsoft\jdk-17.0.15.6-hotspot\bin\jimage.dll
Event: 1.359 Loaded shared library C:\Program Files\Microsoft\jdk-17.0.15.6-hotspot\bin\verify.dll
Event: 1.547 Loaded shared library C:\Users\Syed\.gradle\native\1def1411415f61bf3af743bc5b6707747c0891f09f0c88961ee8f79bc544acac\windows-amd64\native-platform.dll
Event: 1.576 Loaded shared library C:\Users\Syed\.gradle\native\0.2.7\x86_64-windows-gnu\gradle-fileevents.dll
Event: 4.089 Loaded shared library C:\Program Files\Microsoft\jdk-17.0.15.6-hotspot\bin\management.dll
Event: 4.093 Loaded shared library C:\Program Files\Microsoft\jdk-17.0.15.6-hotspot\bin\management_ext.dll
Event: 5.631 Loaded shared library C:\Program Files\Microsoft\jdk-17.0.15.6-hotspot\bin\extnet.dll
Event: 6.442 Loaded shared library C:\Program Files\Microsoft\jdk-17.0.15.6-hotspot\bin\sunmscapi.dll

Deoptimization events (20 events):
Event: 1702.039 Thread 0x000001c924b289d0 DEOPT PACKING pc=0x000001c96a93b814 sp=0x000000103bbfbb60
Event: 1702.039 Thread 0x000001c924b289d0 DEOPT UNPACKING pc=0x000001c9697969a3 sp=0x000000103bbfbae8 mode 2
Event: 1702.039 Thread 0x000001c924b289d0 Uncommon trap: trap_request=0xffffffde fr.pc=0x000001c96a93b814 relative=0x0000000000000154
Event: 1702.039 Thread 0x000001c924b289d0 Uncommon trap: reason=class_check action=maybe_recompile pc=0x000001c96a93b814 method=org.gradle.execution.plan.DefaultFinalizedExecutionPlan$1.compare(Lorg/gradle/execution/plan/Node;Lorg/gradle/execution/plan/Node;)I @ 8 c2
Event: 1702.039 Thread 0x000001c924b289d0 DEOPT PACKING pc=0x000001c96a93b814 sp=0x000000103bbfbb60
Event: 1702.039 Thread 0x000001c924b289d0 DEOPT UNPACKING pc=0x000001c9697969a3 sp=0x000000103bbfbae8 mode 2
Event: 1702.039 Thread 0x000001c924b289d0 Uncommon trap: trap_request=0xffffffde fr.pc=0x000001c96a93b814 relative=0x0000000000000154
Event: 1702.039 Thread 0x000001c924b289d0 Uncommon trap: reason=class_check action=maybe_recompile pc=0x000001c96a93b814 method=org.gradle.execution.plan.DefaultFinalizedExecutionPlan$1.compare(Lorg/gradle/execution/plan/Node;Lorg/gradle/execution/plan/Node;)I @ 8 c2
Event: 1702.039 Thread 0x000001c924b289d0 DEOPT PACKING pc=0x000001c96a93b814 sp=0x000000103bbfbb60
Event: 1702.039 Thread 0x000001c924b289d0 DEOPT UNPACKING pc=0x000001c9697969a3 sp=0x000000103bbfbae8 mode 2
Event: 1702.039 Thread 0x000001c924b289d0 Uncommon trap: trap_request=0xffffffde fr.pc=0x000001c96a93b814 relative=0x0000000000000154
Event: 1702.039 Thread 0x000001c924b289d0 Uncommon trap: reason=class_check action=maybe_recompile pc=0x000001c96a93b814 method=org.gradle.execution.plan.DefaultFinalizedExecutionPlan$1.compare(Lorg/gradle/execution/plan/Node;Lorg/gradle/execution/plan/Node;)I @ 8 c2
Event: 1702.039 Thread 0x000001c924b289d0 DEOPT PACKING pc=0x000001c96a93b814 sp=0x000000103bbfbb60
Event: 1702.039 Thread 0x000001c924b289d0 DEOPT UNPACKING pc=0x000001c9697969a3 sp=0x000000103bbfbae8 mode 2
Event: 1704.557 Thread 0x000001c97f4f12d0 Uncommon trap: trap_request=0xfffffff4 fr.pc=0x000001c96ae23c80 relative=0x0000000000000160
Event: 1704.557 Thread 0x000001c97f4f12d0 Uncommon trap: reason=null_check action=make_not_entrant pc=0x000001c96ae23c80 method=org.gradle.internal.properties.bean.DefaultPropertyWalker$CachedPropertyValue.isConfigurable()Z @ 6 c2
Event: 1704.557 Thread 0x000001c97f4f12d0 DEOPT PACKING pc=0x000001c96ae23c80 sp=0x000000103dffe560
Event: 1704.557 Thread 0x000001c97f4f12d0 DEOPT UNPACKING pc=0x000001c9697969a3 sp=0x000000103dffe488 mode 2
Event: 1706.247 Thread 0x000001c97f4f4f90 DEOPT PACKING pc=0x000001c9628c34af sp=0x000000103ddfca00
Event: 1706.247 Thread 0x000001c97f4f4f90 DEOPT UNPACKING pc=0x000001c969797143 sp=0x000000103ddfbec0 mode 0

Classes loaded (20 events):
Event: 111.871 Loading class sun/net/ConnectionResetException
Event: 111.871 Loading class sun/net/ConnectionResetException done
Event: 151.334 Loading class java/util/regex/Pattern$1
Event: 151.334 Loading class java/util/regex/Pattern$1 done
Event: 152.511 Loading class java/nio/file/StandardCopyOption
Event: 152.512 Loading class java/nio/file/StandardCopyOption done
Event: 152.512 Loading class sun/nio/fs/WindowsFileCopy
Event: 152.512 Loading class sun/nio/fs/WindowsFileCopy done
Event: 152.885 Loading class java/util/Locale$1
Event: 152.885 Loading class java/util/Locale$1 done
Event: 152.906 Loading class java/util/concurrent/CompletableFuture$AsyncRun
Event: 152.907 Loading class java/util/concurrent/CompletableFuture$AsyncRun done
Event: 1675.098 Loading class jdk/internal/math/FormattedFloatingDecimal$Form
Event: 1675.141 Loading class jdk/internal/math/FormattedFloatingDecimal$Form done
Event: 1675.143 Loading class jdk/internal/math/FormattedFloatingDecimal
Event: 1675.236 Loading class jdk/internal/math/FormattedFloatingDecimal done
Event: 1675.239 Loading class jdk/internal/math/FormattedFloatingDecimal$1
Event: 1675.251 Loading class jdk/internal/math/FormattedFloatingDecimal$1 done
Event: 1675.621 Loading class jdk/internal/math/FormattedFloatingDecimal$2
Event: 1675.625 Loading class jdk/internal/math/FormattedFloatingDecimal$2 done

Classes unloaded (20 events):
Event: 1706.605 Thread 0x000001c9782bfec0 Unloading class 0x000001c901794400 'java/lang/invoke/LambdaForm$MH+0x000001c901794400'
Event: 1706.605 Thread 0x000001c9782bfec0 Unloading class 0x000001c9013b4c00 'java/lang/invoke/LambdaForm$MH+0x000001c9013b4c00'
Event: 1706.605 Thread 0x000001c9782bfec0 Unloading class 0x000001c9011e7c00 'java/lang/invoke/LambdaForm$MH+0x000001c9011e7c00'
Event: 1706.605 Thread 0x000001c9782bfec0 Unloading class 0x000001c9011e7800 'java/lang/invoke/LambdaForm$MH+0x000001c9011e7800'
Event: 1706.605 Thread 0x000001c9782bfec0 Unloading class 0x000001c9011e7400 'java/lang/invoke/LambdaForm$MH+0x000001c9011e7400'
Event: 1706.605 Thread 0x000001c9782bfec0 Unloading class 0x000001c9011e7000 'java/lang/invoke/LambdaForm$MH+0x000001c9011e7000'
Event: 1706.605 Thread 0x000001c9782bfec0 Unloading class 0x000001c9011e6c00 'java/lang/invoke/LambdaForm$MH+0x000001c9011e6c00'
Event: 1706.605 Thread 0x000001c9782bfec0 Unloading class 0x000001c9011e6800 'java/lang/invoke/LambdaForm$MH+0x000001c9011e6800'
Event: 1706.606 Thread 0x000001c9782bfec0 Unloading class 0x000001c9011e6400 'java/lang/invoke/LambdaForm$MH+0x000001c9011e6400'
Event: 1706.606 Thread 0x000001c9782bfec0 Unloading class 0x000001c9011e6000 'java/lang/invoke/LambdaForm$MH+0x000001c9011e6000'
Event: 1706.606 Thread 0x000001c9782bfec0 Unloading class 0x000001c9011e5c00 'java/lang/invoke/LambdaForm$MH+0x000001c9011e5c00'
Event: 1706.606 Thread 0x000001c9782bfec0 Unloading class 0x000001c9011e5800 'java/lang/invoke/LambdaForm$MH+0x000001c9011e5800'
Event: 1706.606 Thread 0x000001c9782bfec0 Unloading class 0x000001c9011e4800 'java/lang/invoke/LambdaForm$MH+0x000001c9011e4800'
Event: 1706.606 Thread 0x000001c9782bfec0 Unloading class 0x000001c9011e4400 'java/lang/invoke/LambdaForm$BMH+0x000001c9011e4400'
Event: 1706.606 Thread 0x000001c9782bfec0 Unloading class 0x000001c90110c800 'java/lang/invoke/LambdaForm$DMH+0x000001c90110c800'
Event: 1706.606 Thread 0x000001c9782bfec0 Unloading class 0x000001c90110c000 'java/lang/invoke/LambdaForm$DMH+0x000001c90110c000'
Event: 1706.606 Thread 0x000001c9782bfec0 Unloading class 0x000001c90103c400 'java/lang/invoke/LambdaForm$DMH+0x000001c90103c400'
Event: 1706.606 Thread 0x000001c9782bfec0 Unloading class 0x000001c901036800 'java/lang/invoke/LambdaForm$MH+0x000001c901036800'
Event: 1706.606 Thread 0x000001c9782bfec0 Unloading class 0x000001c901036400 'java/lang/invoke/LambdaForm$MH+0x000001c901036400'
Event: 1706.606 Thread 0x000001c9782bfec0 Unloading class 0x000001c901034000 'java/lang/invoke/LambdaForm$MH+0x000001c901034000'

Classes redefined (0 events):
No events

Internal exceptions (20 events):
Event: 1688.130 Thread 0x000001c924b289d0 Implicit null exception at 0x000001c969fd86e0 to 0x000001c969fd87fc
Event: 1689.890 Thread 0x000001c924b289d0 Implicit null exception at 0x000001c96abdb2b7 to 0x000001c96abdb540
Event: 1696.923 Thread 0x000001c924b289d0 Exception <a 'sun/nio/fs/WindowsException'{0x000000009900e360}> (0x000000009900e360) 
thrown [s\src\hotspot\share\prims\jni.cpp, line 516]
Event: 1696.924 Thread 0x000001c924b289d0 Exception <a 'sun/nio/fs/WindowsException'{0x000000009900f890}> (0x000000009900f890) 
thrown [s\src\hotspot\share\prims\jni.cpp, line 516]
Event: 1696.924 Thread 0x000001c924b289d0 Exception <a 'sun/nio/fs/WindowsException'{0x0000000099010e10}> (0x0000000099010e10) 
thrown [s\src\hotspot\share\prims\jni.cpp, line 516]
Event: 1696.924 Thread 0x000001c924b289d0 Exception <a 'sun/nio/fs/WindowsException'{0x0000000099012390}> (0x0000000099012390) 
thrown [s\src\hotspot\share\prims\jni.cpp, line 516]
Event: 1703.397 Thread 0x000001c97f4f12d0 Exception <a 'sun/nio/fs/WindowsException'{0x000000009a2960f0}> (0x000000009a2960f0) 
thrown [s\src\hotspot\share\prims\jni.cpp, line 516]
Event: 1703.465 Thread 0x000001c97f4f2710 Exception <a 'sun/nio/fs/WindowsException'{0x000000009a19d1a8}> (0x000000009a19d1a8) 
thrown [s\src\hotspot\share\prims\jni.cpp, line 516]
Event: 1703.486 Thread 0x000001c97f4f0dc0 Exception <a 'sun/nio/fs/WindowsException'{0x000000009a02be58}> (0x000000009a02be58) 
thrown [s\src\hotspot\share\prims\jni.cpp, line 516]
Event: 1703.507 Thread 0x000001c97f4f0dc0 Exception <a 'sun/nio/fs/WindowsException'{0x000000009a0b2060}> (0x000000009a0b2060) 
thrown [s\src\hotspot\share\prims\jni.cpp, line 516]
Event: 1703.525 Thread 0x000001c97f4f0dc0 Exception <a 'sun/nio/fs/WindowsException'{0x0000000099f3cc58}> (0x0000000099f3cc58) 
thrown [s\src\hotspot\share\prims\jni.cpp, line 516]
Event: 1703.544 Thread 0x000001c97f4f0dc0 Exception <a 'sun/nio/fs/WindowsException'{0x0000000099fc74d8}> (0x0000000099fc74d8) 
thrown [s\src\hotspot\share\prims\jni.cpp, line 516]
Event: 1703.567 Thread 0x000001c97f4f0dc0 Exception <a 'sun/nio/fs/WindowsException'{0x0000000099e52858}> (0x0000000099e52858) 
thrown [s\src\hotspot\share\prims\jni.cpp, line 516]
Event: 1703.586 Thread 0x000001c97f4f0dc0 Exception <a 'sun/nio/fs/WindowsException'{0x0000000099edf210}> (0x0000000099edf210) 
thrown [s\src\hotspot\share\prims\jni.cpp, line 516]
Event: 1703.620 Thread 0x000001c97f4f0dc0 Exception <a 'sun/nio/fs/WindowsException'{0x0000000099d7b5f0}> (0x0000000099d7b5f0) 
thrown [s\src\hotspot\share\prims\jni.cpp, line 516]
Event: 1703.644 Thread 0x000001c97f4f0dc0 Exception <a 'sun/nio/fs/WindowsException'{0x0000000099c17268}> (0x0000000099c17268) 
thrown [s\src\hotspot\share\prims\jni.cpp, line 516]
Event: 1703.703 Thread 0x000001c97f4f0dc0 Exception <a 'sun/nio/fs/WindowsException'{0x0000000099ca1b18}> (0x0000000099ca1b18) 
thrown [s\src\hotspot\share\prims\jni.cpp, line 516]
Event: 1703.729 Thread 0x000001c97f4f0dc0 Exception <a 'sun/nio/fs/WindowsException'{0x0000000099b32bf0}> (0x0000000099b32bf0) 
thrown [s\src\hotspot\share\prims\jni.cpp, line 516]
Event: 1703.762 Thread 0x000001c97f4f0dc0 Exception <a 'sun/nio/fs/WindowsException'{0x0000000099bbe1d0}> (0x0000000099bbe1d0) 
thrown [s\src\hotspot\share\prims\jni.cpp, line 516]
Event: 1704.557 Thread 0x000001c97f4f12d0 Implicit null exception at 0x000001c96ae23b54 to 0x000001c96ae23c6c

VM Operations (20 events):
Event: 1700.065 Executing VM operation: G1CollectForAllocation done
Event: 1701.029 Executing VM operation: G1CollectForAllocation
Event: 1701.040 Executing VM operation: G1CollectForAllocation done
Event: 1701.713 Executing VM operation: G1CollectForAllocation
Event: 1701.728 Executing VM operation: G1CollectForAllocation done
Event: 1702.730 Executing VM operation: Cleanup
Event: 1702.730 Executing VM operation: Cleanup done
Event: 1703.186 Executing VM operation: G1CollectForAllocation
Event: 1703.205 Executing VM operation: G1CollectForAllocation done
Event: 1703.881 Executing VM operation: G1CollectForAllocation
Event: 1703.894 Executing VM operation: G1CollectForAllocation done
Event: 1704.731 Executing VM operation: G1CollectForAllocation
Event: 1704.756 Executing VM operation: G1CollectForAllocation done
Event: 1705.422 Executing VM operation: HandshakeAllThreads
Event: 1705.422 Executing VM operation: HandshakeAllThreads done
Event: 1705.577 Executing VM operation: G1CollectForAllocation
Event: 1705.594 Executing VM operation: G1CollectForAllocation done
Event: 1706.407 Executing VM operation: G1CollectForAllocation
Event: 1706.425 Executing VM operation: G1CollectForAllocation done
Event: 1706.602 Executing VM operation: G1PauseRemark

Memory protections (0 events):
No events

Nmethod flushes (20 events):
Event: 1694.382 Thread 0x000001c97834c450 flushing  nmethod 0x000001c962f7c210
Event: 1694.382 Thread 0x000001c97834c450 flushing  nmethod 0x000001c962fd0210
Event: 1694.383 Thread 0x000001c97834c450 flushing  nmethod 0x000001c963014690
Event: 1694.383 Thread 0x000001c97834c450 flushing  nmethod 0x000001c9630b1490
Event: 1694.383 Thread 0x000001c97834c450 flushing  nmethod 0x000001c9630db990
Event: 1694.383 Thread 0x000001c97834c450 flushing  nmethod 0x000001c9630dbe10
Event: 1694.383 Thread 0x000001c97834c450 flushing  nmethod 0x000001c9630dc190
Event: 1694.384 Thread 0x000001c97834c450 flushing  nmethod 0x000001c9630e5910
Event: 1694.384 Thread 0x000001c97834c450 flushing  nmethod 0x000001c9631c7990
Event: 1694.384 Thread 0x000001c97834c450 flushing  nmethod 0x000001c9631c8590
Event: 1694.390 Thread 0x000001c97834c450 flushing  nmethod 0x000001c96354bf90
Event: 1694.391 Thread 0x000001c97834c450 flushing  nmethod 0x000001c963644f90
Event: 1694.393 Thread 0x000001c97834c450 flushing  nmethod 0x000001c96378c210
Event: 1694.393 Thread 0x000001c97834c450 flushing  nmethod 0x000001c9637b8b90
Event: 1694.395 Thread 0x000001c97834c450 flushing  nmethod 0x000001c96392a290
Event: 1694.400 Thread 0x000001c97834c450 flushing  nmethod 0x000001c963d4ef90
Event: 1705.427 Thread 0x000001c97834c450 flushing  nmethod 0x000001c96a3f8990
Event: 1705.438 Thread 0x000001c97834c450 flushing  nmethod 0x000001c9625fae10
Event: 1705.454 Thread 0x000001c97834c450 flushing  nmethod 0x000001c963078a90
Event: 1705.456 Thread 0x000001c97834c450 flushing  nmethod 0x000001c9631bdc90

Events (20 events):
Event: 1689.575 Thread 0x000001c9786dba90 Thread added: 0x000001c9786dbfa0
Event: 1689.575 Thread 0x000001c9786dba90 Thread added: 0x000001c9786dc4b0
Event: 1689.747 Thread 0x000001c92306e3e0 Thread exited: 0x000001c92306e3e0
Event: 1690.028 Thread 0x000001c9782e87c0 Thread added: 0x000001c97e740f00
Event: 1690.806 Thread 0x000001c97e740f00 Thread exited: 0x000001c97e740f00
Event: 1691.355 Thread 0x000001c9782e5700 Thread added: 0x000001c97e740f00
Event: 1692.500 Thread 0x000001c97e740f00 Thread exited: 0x000001c97e740f00
Event: 1692.956 Thread 0x000001c9782e5700 Thread added: 0x000001c97e740f00
Event: 1697.242 Thread 0x000001c97e740f00 Thread exited: 0x000001c97e740f00
Event: 1698.049 Thread 0x000001c9782e87c0 Thread added: 0x000001c925deb330
Event: 1700.808 Thread 0x000001c925deb330 Thread exited: 0x000001c925deb330
Event: 1700.986 Thread 0x000001c9782e87c0 Thread added: 0x000001c925de8e00
Event: 1702.054 Thread 0x000001c97f4f2710 Thread added: 0x000001c97e6d0f60
Event: 1702.707 Thread 0x000001c925de8e00 Thread exited: 0x000001c925de8e00
Event: 1703.073 Thread 0x000001c9782e87c0 Thread added: 0x000001c925de9df0
Event: 1703.372 Thread 0x000001c925de9df0 Thread exited: 0x000001c925de9df0
Event: 1705.009 Thread 0x000001c9782e87c0 Thread added: 0x000001c925deb330
Event: 1706.071 Thread 0x000001c925deb330 Thread exited: 0x000001c925deb330
Event: 1706.275 Thread 0x000001c9782e87c0 Thread added: 0x000001c925de68d0
Event: 1706.560 Thread 0x000001c925de68d0 Thread exited: 0x000001c925de68d0


Dynamic libraries:
0x00007ff7a6310000 - 0x00007ff7a631e000 	C:\Program Files\Microsoft\jdk-17.0.15.6-hotspot\bin\java.exe
0x00007ffc6e070000 - 0x00007ffc6e268000 	C:\Windows\SYSTEM32\ntdll.dll
0x00007ffc6c240000 - 0x00007ffc6c302000 	C:\Windows\System32\KERNEL32.DLL
0x00007ffc6b980000 - 0x00007ffc6bc77000 	C:\Windows\System32\KERNELBASE.dll
0x00007ffc6bcb0000 - 0x00007ffc6bdb0000 	C:\Windows\System32\ucrtbase.dll
0x00007ffc4ec00000 - 0x00007ffc4ec17000 	C:\Program Files\Microsoft\jdk-17.0.15.6-hotspot\bin\jli.dll
0x00007ffc48330000 - 0x00007ffc4834d000 	C:\Program Files\Microsoft\jdk-17.0.15.6-hotspot\bin\VCRUNTIME140.dll
0x00007ffc6c950000 - 0x00007ffc6caed000 	C:\Windows\System32\USER32.dll
0x00007ffc6bc80000 - 0x00007ffc6bca2000 	C:\Windows\System32\win32u.dll
0x00007ffc6c3b0000 - 0x00007ffc6c3db000 	C:\Windows\System32\GDI32.dll
0x00007ffc587d0000 - 0x00007ffc58a6a000 	C:\Windows\WinSxS\amd64_microsoft.windows.common-controls_6595b64144ccf1df_6.0.19041.5915_none_60b4b9d171f9c7c7\COMCTL32.dll
0x00007ffc6bee0000 - 0x00007ffc6bff9000 	C:\Windows\System32\gdi32full.dll
0x00007ffc6b750000 - 0x00007ffc6b7ed000 	C:\Windows\System32\msvcp_win.dll
0x00007ffc6de70000 - 0x00007ffc6df0e000 	C:\Windows\System32\msvcrt.dll
0x00007ffc6c090000 - 0x00007ffc6c0bf000 	C:\Windows\System32\IMM32.DLL
0x00007ffc55f40000 - 0x00007ffc55f4c000 	C:\Program Files\Microsoft\jdk-17.0.15.6-hotspot\bin\vcruntime140_1.dll
0x00007ffc3fe20000 - 0x00007ffc3fead000 	C:\Program Files\Microsoft\jdk-17.0.15.6-hotspot\bin\msvcp140.dll
0x00007ffc09ec0000 - 0x00007ffc0ab32000 	C:\Program Files\Microsoft\jdk-17.0.15.6-hotspot\bin\server\jvm.dll
0x00007ffc6c180000 - 0x00007ffc6c231000 	C:\Windows\System32\ADVAPI32.dll
0x00007ffc6c310000 - 0x00007ffc6c3af000 	C:\Windows\System32\sechost.dll
0x00007ffc6c510000 - 0x00007ffc6c636000 	C:\Windows\System32\RPCRT4.dll
0x00007ffc6b7f0000 - 0x00007ffc6b817000 	C:\Windows\System32\bcrypt.dll
0x00007ffc6de00000 - 0x00007ffc6de6b000 	C:\Windows\System32\WS2_32.dll
0x00007ffc6abf0000 - 0x00007ffc6ac3b000 	C:\Windows\SYSTEM32\POWRPROF.dll
0x00007ffc52f30000 - 0x00007ffc52f57000 	C:\Windows\SYSTEM32\WINMM.dll
0x00007ffc68ff0000 - 0x00007ffc68ffa000 	C:\Windows\SYSTEM32\VERSION.dll
0x00007ffc6aac0000 - 0x00007ffc6aad2000 	C:\Windows\SYSTEM32\UMPDC.dll
0x00007ffc69520000 - 0x00007ffc69532000 	C:\Windows\SYSTEM32\kernel.appcore.dll
0x00007ffc558f0000 - 0x00007ffc558fa000 	C:\Program Files\Microsoft\jdk-17.0.15.6-hotspot\bin\jimage.dll
0x00007ffc58b70000 - 0x00007ffc58d71000 	C:\Windows\SYSTEM32\DBGHELP.DLL
0x00007ffc52c50000 - 0x00007ffc52c84000 	C:\Windows\SYSTEM32\dbgcore.DLL
0x00007ffc6c000000 - 0x00007ffc6c082000 	C:\Windows\System32\bcryptPrimitives.dll
0x00007ffc51ce0000 - 0x00007ffc51cee000 	C:\Program Files\Microsoft\jdk-17.0.15.6-hotspot\bin\instrument.dll
0x00007ffc45470000 - 0x00007ffc45495000 	C:\Program Files\Microsoft\jdk-17.0.15.6-hotspot\bin\java.dll
0x00007ffc342c0000 - 0x00007ffc34396000 	C:\Program Files\Microsoft\jdk-17.0.15.6-hotspot\bin\jsvml.dll
0x00007ffc6d690000 - 0x00007ffc6ddfe000 	C:\Windows\System32\SHELL32.dll
0x00007ffc69720000 - 0x00007ffc69ec4000 	C:\Windows\SYSTEM32\windows.storage.dll
0x00007ffc6cb10000 - 0x00007ffc6ce63000 	C:\Windows\System32\combase.dll
0x00007ffc6b050000 - 0x00007ffc6b07b000 	C:\Windows\SYSTEM32\Wldp.dll
0x00007ffc6d0f0000 - 0x00007ffc6d1bd000 	C:\Windows\System32\OLEAUT32.dll
0x00007ffc6c640000 - 0x00007ffc6c6ed000 	C:\Windows\System32\SHCORE.dll
0x00007ffc6df20000 - 0x00007ffc6df7b000 	C:\Windows\System32\shlwapi.dll
0x00007ffc6b630000 - 0x00007ffc6b654000 	C:\Windows\SYSTEM32\profapi.dll
0x00007ffc45140000 - 0x00007ffc45158000 	C:\Program Files\Microsoft\jdk-17.0.15.6-hotspot\bin\zip.dll
0x00007ffc45290000 - 0x00007ffc452aa000 	C:\Program Files\Microsoft\jdk-17.0.15.6-hotspot\bin\net.dll
0x00007ffc62ca0000 - 0x00007ffc62daa000 	C:\Windows\SYSTEM32\WINHTTP.dll
0x00007ffc6ae30000 - 0x00007ffc6ae9a000 	C:\Windows\system32\mswsock.dll
0x00007ffc45160000 - 0x00007ffc45176000 	C:\Program Files\Microsoft\jdk-17.0.15.6-hotspot\bin\nio.dll
0x00007ffc55820000 - 0x00007ffc55830000 	C:\Program Files\Microsoft\jdk-17.0.15.6-hotspot\bin\verify.dll
0x00007ffc509e0000 - 0x00007ffc50a07000 	C:\Users\Syed\.gradle\native\1def1411415f61bf3af743bc5b6707747c0891f09f0c88961ee8f79bc544acac\windows-amd64\native-platform.dll
0x00007ffc3fbb0000 - 0x00007ffc3fc28000 	C:\Users\Syed\.gradle\native\0.2.7\x86_64-windows-gnu\gradle-fileevents.dll
0x00007ffc543d0000 - 0x00007ffc543da000 	C:\Program Files\Microsoft\jdk-17.0.15.6-hotspot\bin\management.dll
0x00007ffc53d40000 - 0x00007ffc53d4b000 	C:\Program Files\Microsoft\jdk-17.0.15.6-hotspot\bin\management_ext.dll
0x00007ffc6cb00000 - 0x00007ffc6cb08000 	C:\Windows\System32\PSAPI.DLL
0x00007ffc6aae0000 - 0x00007ffc6ab1b000 	C:\Windows\SYSTEM32\IPHLPAPI.DLL
0x00007ffc6df10000 - 0x00007ffc6df18000 	C:\Windows\System32\NSI.dll
0x00007ffc62fc0000 - 0x00007ffc62fd7000 	C:\Windows\SYSTEM32\dhcpcsvc6.DLL
0x00007ffc62de0000 - 0x00007ffc62dfd000 	C:\Windows\SYSTEM32\dhcpcsvc.DLL
0x00007ffc6ab20000 - 0x00007ffc6abea000 	C:\Windows\SYSTEM32\DNSAPI.dll
0x00007ffc52940000 - 0x00007ffc52949000 	C:\Program Files\Microsoft\jdk-17.0.15.6-hotspot\bin\extnet.dll
0x00007ffc6b090000 - 0x00007ffc6b0a8000 	C:\Windows\SYSTEM32\CRYPTSP.dll
0x00007ffc6a700000 - 0x00007ffc6a738000 	C:\Windows\system32\rsaenh.dll
0x00007ffc6b5b0000 - 0x00007ffc6b5de000 	C:\Windows\SYSTEM32\USERENV.dll
0x00007ffc6afc0000 - 0x00007ffc6afcc000 	C:\Windows\SYSTEM32\CRYPTBASE.dll
0x00007ffc55f70000 - 0x00007ffc55f7e000 	C:\Program Files\Microsoft\jdk-17.0.15.6-hotspot\bin\sunmscapi.dll
0x00007ffc6b820000 - 0x00007ffc6b97d000 	C:\Windows\System32\CRYPT32.dll
0x00007ffc6b1a0000 - 0x00007ffc6b1c7000 	C:\Windows\SYSTEM32\ncrypt.dll
0x00007ffc6b160000 - 0x00007ffc6b19b000 	C:\Windows\SYSTEM32\NTASN1.dll
0x00007ffc56680000 - 0x00007ffc56687000 	C:\Windows\system32\wshunix.dll

dbghelp: loaded successfully - version: 4.0.5 - missing functions: none
symbol engine: initialized successfully - sym options: 0x614 - pdb path: .;C:\Program Files\Microsoft\jdk-17.0.15.6-hotspot\bin;C:\Windows\SYSTEM32;C:\Windows\WinSxS\amd64_microsoft.windows.common-controls_6595b64144ccf1df_6.0.19041.5915_none_60b4b9d171f9c7c7;C:\Program Files\Microsoft\jdk-17.0.15.6-hotspot\bin\server;C:\Users\Syed\.gradle\native\1def1411415f61bf3af743bc5b6707747c0891f09f0c88961ee8f79bc544acac\windows-amd64;C:\Users\Syed\.gradle\native\0.2.7\x86_64-windows-gnu

VM Arguments:
jvm_args: --add-opens=java.base/java.lang=ALL-UNNAMED --add-opens=java.base/java.lang.invoke=ALL-UNNAMED --add-opens=java.base/java.util=ALL-UNNAMED --add-opens=java.prefs/java.util.prefs=ALL-UNNAMED --add-exports=jdk.compiler/com.sun.tools.javac.api=ALL-UNNAMED --add-exports=jdk.compiler/com.sun.tools.javac.util=ALL-UNNAMED --add-opens=java.base/java.util=ALL-UNNAMED --add-opens=java.prefs/java.util.prefs=ALL-UNNAMED --add-opens=java.base/java.nio.charset=ALL-UNNAMED --add-opens=java.base/java.net=ALL-UNNAMED --add-opens=java.base/java.util.concurrent.atomic=ALL-UNNAMED --add-opens=java.xml/javax.xml.namespace=ALL-UNNAMED -XX:MaxMetaspaceSize=512m -Xmx2048m -Dfile.encoding=windows-1252 -Duser.country=US -Duser.language=en -Duser.variant -javaagent:C:\Users\Syed\.gradle\wrapper\dists\gradle-8.14.1-bin\baw1sv0jfoi8rxs14qo3h49cs\gradle-8.14.1\lib\agents\gradle-instrumentation-agent-8.14.1.jar 
java_command: org.gradle.launcher.daemon.bootstrap.GradleDaemon 8.14.1
java_class_path (initial): C:\Users\Syed\.gradle\wrapper\dists\gradle-8.14.1-bin\baw1sv0jfoi8rxs14qo3h49cs\gradle-8.14.1\lib\gradle-daemon-main-8.14.1.jar
Launcher Type: SUN_STANDARD

[Global flags]
     intx CICompilerCount                          = 3                                         {product} {ergonomic}
   size_t CompressedClassSpaceSize                 = 436207616                                 {product} {ergonomic}
     uint ConcGCThreads                            = 1                                         {product} {ergonomic}
     uint G1ConcRefinementThreads                  = 4                                         {product} {ergonomic}
   size_t G1HeapRegionSize                         = 1048576                                   {product} {ergonomic}
    uintx GCDrainStackTargetSize                   = 64                                        {product} {ergonomic}
   size_t InitialHeapSize                          = 134217728                                 {product} {ergonomic}
   size_t MarkStackSize                            = 4194304                                   {product} {ergonomic}
   size_t MaxHeapSize                              = 2147483648                                {product} {command line}
   size_t MaxMetaspaceSize                         = 536870912                                 {product} {command line}
   size_t MaxNewSize                               = 1287651328                                {product} {ergonomic}
   size_t MinHeapDeltaBytes                        = 1048576                                   {product} {ergonomic}
   size_t MinHeapSize                              = 8388608                                   {product} {ergonomic}
    uintx NonNMethodCodeHeapSize                   = 5832780                                {pd product} {ergonomic}
    uintx NonProfiledCodeHeapSize                  = 122912730                              {pd product} {ergonomic}
    uintx ProfiledCodeHeapSize                     = 122912730                              {pd product} {ergonomic}
    uintx ReservedCodeCacheSize                    = 251658240                              {pd product} {ergonomic}
     bool SegmentedCodeCache                       = true                                      {product} {ergonomic}
   size_t SoftMaxHeapSize                          = 2147483648                             {manageable} {ergonomic}
     bool UseCompressedClassPointers               = true                           {product lp64_product} {ergonomic}
     bool UseCompressedOops                        = true                           {product lp64_product} {ergonomic}
     bool UseG1GC                                  = true                                      {product} {ergonomic}
     bool UseLargePagesIndividualAllocation        = false                                  {pd product} {ergonomic}

Logging:
Log output configuration:
 #0: stdout all=warning uptime,level,tags
 #1: stderr all=off uptime,level,tags

Environment Variables:
JAVA_HOME=C:\Program Files\Microsoft\jdk-17.0.15.6-hotspot\
PATH=C:\MyCode\Habit_Tracker\node_modules\.bin;C:\MyCode\Habit_Tracker\node_modules\.bin;C:\MyCode\node_modules\.bin;C:\node_modules\.bin;C:\Program Files\nodejs\node_modules\npm\node_modules\@npmcli\run-script\lib\node-gyp-bin;C:\src\flutter\bin\cache\dart-sdk\bin\;C:\Python313\Scripts\;C:\Python313\;C:\Program Files\Microsoft\jdk-17.0.15.6-hotspot\bin;C:\Program Files (x86)\Common Files\Oracle\Java\javapath;C:\Program Files (x86)\NVIDIA Corporation\PhysX\Common;C:\Windows\system32;C:\Windows;C:\Windows\System32\Wbem;C:\Windows\System32\WindowsPowerShell\v1.0\;C:\Windows\System32\OpenSSH\;C:\Program Files\Git\cmd;C:\Program Files\nodejs\;C:\ProgramData\chocolatey\bin;C:\Program Files\Cloudflare\Cloudflare WARP\;C:\Users\Syed\AppData\Local\Microsoft\WindowsApps;C:\Users\Syed\AppData\Local\Programs\Microsoft VS Code Insiders\bin;C:\src\flutter\bin;C:\Users\Syed\AppData\Local\Programs\Ollama;C:\Users\Syed\AppData\Local\Pub\Cache\bin;C:\Program Files\Android\Android Studio\jbr\bin;C:\Users\Syed\AppData\Roaming\npm;C:\Users\Syed\AppData\Local\Android\Sdk\platform-tools;
USERNAME=Syed
LANG=en_US.UTF-8
OS=Windows_NT
PROCESSOR_IDENTIFIER=Intel64 Family 6 Model 142 Stepping 9, GenuineIntel
TMP=C:\Users\Syed\AppData\Local\Temp
TEMP=C:\Users\Syed\AppData\Local\Temp



Periodic native trim disabled


---------------  S Y S T E M  ---------------

OS:
 Windows 10 , 64 bit Build 19041 (10.0.19041.5915)
OS uptime: 1 days 3:28 hours
Hyper-V role detected

CPU: total 4 (initial active 4) (2 cores per cpu, 2 threads per core) family 6 model 142 stepping 9 microcode 0xb4, cx8, cmov, fxsr, ht, mmx, 3dnowpref, sse, sse2, sse3, ssse3, sse4.1, sse4.2, popcnt, lzcnt, tsc, tscinvbit, avx, avx2, aes, erms, clmul, bmi1, bmi2, adx, fma, vzeroupper, clflush, clflushopt, hv
Processor Information for the first 4 processors :
  Max Mhz: 2400, Current Mhz: 2400, Mhz Limit: 2400

Memory: 4k page, system-wide physical 8077M (434M free)
TotalPageFile size 12420M (AvailPageFile size 21M)
current process WorkingSet (physical memory assigned to process): 595M, peak: 750M
current process commit charge ("private bytes"): 847M, peak: 1044M

vm_info: OpenJDK 64-Bit Server VM (17.0.15+6-LTS) for windows-amd64 JRE (17.0.15+6-LTS), built on Apr  9 2025 22:27:25 by "MicrosoftCorporation" with unknown MS VC++:1939

END.
